<?xml version="1.0" encoding="utf-8" standalone="yes"?>
<rss version="2.0" xmlns:atom="http://www.w3.org/2005/Atom">
  <channel>
    <title>雲端 on NeoTrendHub 會議報告</title>
    <link>http://localhost/tags/%E9%9B%B2%E7%AB%AF/</link>
    <description>Recent content in 雲端 on NeoTrendHub 會議報告</description>
    <generator>Hugo</generator>
    <language>zh-tw</language>
    <lastBuildDate>Fri, 18 Jul 2025 00:00:00 +0000</lastBuildDate>
    <atom:link href="http://localhost/tags/%E9%9B%B2%E7%AB%AF/index.xml" rel="self" type="application/rss+xml" />
    <item>
      <title>AI Agent&#43;IoT技术方案新场景创新应用</title>
      <link>http://localhost/sessions/session-8ab99e20/</link>
      <pubDate>Fri, 18 Jul 2025 00:00:00 +0000</pubDate>
      <guid>http://localhost/sessions/session-8ab99e20/</guid>
      <description>&lt;h2 id=&#34;會議資訊&#34;&gt;會議資訊&lt;/h2&gt;&#xA;&lt;ul&gt;&#xA;&lt;li&gt;&lt;strong&gt;研討會：&lt;/strong&gt; 202506 AICon Beijing&lt;/li&gt;&#xA;&lt;li&gt;&lt;strong&gt;類型：&lt;/strong&gt; 主題演講&lt;/li&gt;&#xA;&lt;li&gt;&lt;strong&gt;來源：&lt;/strong&gt; &lt;a href=&#34;https://aicon.infoq.cn/2025/beijing/presentation/6581&#34;&gt;https://aicon.infoq.cn/2025/beijing/presentation/6581&lt;/a&gt;&lt;/li&gt;&#xA;&lt;/ul&gt;&#xA;&lt;hr&gt;&#xA;&lt;h2 id=&#34;報告內容&#34;&gt;報告內容&lt;/h2&gt;&#xA;&lt;p&gt;好的，這是一份根據您提供的會議 PPT 內容生成的全面綜合分析報告，旨在為各類讀者提供技術、商業和趨勢的深度洞察。&lt;/p&gt;</description>
    </item>
    <item>
      <title>Infinity：视觉自回归生成新路线</title>
      <link>http://localhost/sessions/session-e53a6872/</link>
      <pubDate>Fri, 18 Jul 2025 00:00:00 +0000</pubDate>
      <guid>http://localhost/sessions/session-e53a6872/</guid>
      <description>&lt;h2 id=&#34;會議資訊&#34;&gt;會議資訊&lt;/h2&gt;&#xA;&lt;ul&gt;&#xA;&lt;li&gt;&lt;strong&gt;研討會：&lt;/strong&gt; 202506 AICon Beijing&lt;/li&gt;&#xA;&lt;li&gt;&lt;strong&gt;類型：&lt;/strong&gt; 主題演講&lt;/li&gt;&#xA;&lt;li&gt;&lt;strong&gt;來源：&lt;/strong&gt; &lt;a href=&#34;https://aicon.infoq.cn/2025/beijing/presentation/6512&#34;&gt;https://aicon.infoq.cn/2025/beijing/presentation/6512&lt;/a&gt;&lt;/li&gt;&#xA;&lt;/ul&gt;&#xA;&lt;hr&gt;&#xA;&lt;h2 id=&#34;報告內容&#34;&gt;報告內容&lt;/h2&gt;&#xA;&lt;h2 id=&#34;infinity視覺自回歸生成新路線全方位綜合分析報告&#34;&gt;Infinity：視覺自回歸生成新路線——全方位綜合分析報告&lt;/h2&gt;&#xA;&lt;h3 id=&#34;執行摘要&#34;&gt;執行摘要&lt;/h3&gt;&#xA;&lt;p&gt;本報告針對字節跳動韓劍在 2025 年 AiCon 全球人工智能開發與應用大會上的主題演講《Infinity：視覺自回歸生成新路線》的 PPT 內容進行深度分析。Infinity 提出了一個開創性的視覺自回歸生成模型，透過「位元建模框架」的核心創新，顯著克服了傳統自回歸模型在高品質圖像生成、速度及穩定性方面的瓶頸。其核心技術包括「位元分詞器」和「位元自校正」機制，使得 Infinity 在多個關鍵圖像生成基準測試上超越了主流擴散模型（如 DiT、SD3 和 DALL-E 3），並展現出驚人的推理速度。本報告將從會議概述、技術要點、商業價值、創新亮點及趨勢洞察五個維度，為各類讀者提供全面而深入的分析。&lt;/p&gt;</description>
    </item>
    <item>
      <title>LLM技术在有道词典笔上的应用实践</title>
      <link>http://localhost/sessions/session-c9ca70ba/</link>
      <pubDate>Fri, 18 Jul 2025 00:00:00 +0000</pubDate>
      <guid>http://localhost/sessions/session-c9ca70ba/</guid>
      <description>&lt;h2 id=&#34;會議資訊&#34;&gt;會議資訊&lt;/h2&gt;&#xA;&lt;ul&gt;&#xA;&lt;li&gt;&lt;strong&gt;研討會：&lt;/strong&gt; 202506 AICon Beijing&lt;/li&gt;&#xA;&lt;li&gt;&lt;strong&gt;類型：&lt;/strong&gt; 主題演講&lt;/li&gt;&#xA;&lt;li&gt;&lt;strong&gt;來源：&lt;/strong&gt; &lt;a href=&#34;https://aicon.infoq.cn/2025/beijing/presentation/6533&#34;&gt;https://aicon.infoq.cn/2025/beijing/presentation/6533&lt;/a&gt;&lt;/li&gt;&#xA;&lt;/ul&gt;&#xA;&lt;hr&gt;&#xA;&lt;h2 id=&#34;報告內容&#34;&gt;報告內容&lt;/h2&gt;&#xA;&lt;h2 id=&#34;網易有道llm-技術在有道詞典筆上的應用實踐綜合分析報告&#34;&gt;網易有道「LLM 技術在有道詞典筆上的應用實踐」綜合分析報告&lt;/h2&gt;&#xA;&lt;h3 id=&#34;報告摘要&#34;&gt;報告摘要&lt;/h3&gt;&#xA;&lt;p&gt;本報告針對網易有道於 2025 年 6 月 AiCon Beijing 研討會上發表的主題演講：「LLM 技術在有道詞典筆上的應用實踐」進行全面深入的分析。該簡報聚焦於大型語言模型（LLM）在智能學習硬件，特別是有道詞典筆上的落地挑戰與解決方案，並展現了其在教育垂直領域的技術積累與商業成果。報告將從會議概述、技術要點、商業價值、創新亮點及趨勢洞察五個維度，為技術專家、商業決策者及廣泛讀者提供全面的視角。&lt;/p&gt;</description>
    </item>
    <item>
      <title>Multi-Agent架构驱动的Data Agent路线与工程实践</title>
      <link>http://localhost/sessions/session-e16475e5/</link>
      <pubDate>Fri, 18 Jul 2025 00:00:00 +0000</pubDate>
      <guid>http://localhost/sessions/session-e16475e5/</guid>
      <description>&lt;h2 id=&#34;會議資訊&#34;&gt;會議資訊&lt;/h2&gt;&#xA;&lt;ul&gt;&#xA;&lt;li&gt;&lt;strong&gt;研討會：&lt;/strong&gt; 202506 AICon Beijing&lt;/li&gt;&#xA;&lt;li&gt;&lt;strong&gt;類型：&lt;/strong&gt; 主題演講&lt;/li&gt;&#xA;&lt;li&gt;&lt;strong&gt;來源：&lt;/strong&gt; &lt;a href=&#34;https://aicon.infoq.cn/2025/beijing/presentation/6495&#34;&gt;https://aicon.infoq.cn/2025/beijing/presentation/6495&lt;/a&gt;&lt;/li&gt;&#xA;&lt;/ul&gt;&#xA;&lt;hr&gt;&#xA;&lt;h2 id=&#34;報告內容&#34;&gt;報告內容&lt;/h2&gt;&#xA;&lt;h2 id=&#34;multi-agent-架構驅動的-data-agent-深度分析報告&#34;&gt;Multi-Agent 架構驅動的 Data Agent 深度分析報告&lt;/h2&gt;&#xA;&lt;hr&gt;&#xA;&lt;h3 id=&#34;前言&#34;&gt;&lt;strong&gt;前言&lt;/strong&gt;&lt;/h3&gt;&#xA;&lt;p&gt;本報告旨在深入分析數勢科技 AI 負責人李飛在 2025 年 AiCon Beijing 大會上發表的主題演講《Multi-Agent 架構驅動的 Data Agent 路線與工程實踐》的 PPT 內容。透過對其技術要點、商業價值、創新亮點及未來趨勢的全面剖析，為各類讀者提供一份專業且具深度的綜合洞察。本次演講聚焦於如何將大模型從「好玩」推向「好用」，並在企業級數據分析領域實現智能體驅動的變革。&lt;/p&gt;</description>
    </item>
    <item>
      <title>QAnything：大模型驱动下的知识库问答体系革新与实践</title>
      <link>http://localhost/sessions/session-7b9e519b/</link>
      <pubDate>Fri, 18 Jul 2025 00:00:00 +0000</pubDate>
      <guid>http://localhost/sessions/session-7b9e519b/</guid>
      <description>&lt;h2 id=&#34;會議資訊&#34;&gt;會議資訊&lt;/h2&gt;&#xA;&lt;ul&gt;&#xA;&lt;li&gt;&lt;strong&gt;研討會：&lt;/strong&gt; 202506 AICon Beijing&lt;/li&gt;&#xA;&lt;li&gt;&lt;strong&gt;類型：&lt;/strong&gt; 主題演講&lt;/li&gt;&#xA;&lt;li&gt;&lt;strong&gt;來源：&lt;/strong&gt; &lt;a href=&#34;https://aicon.infoq.cn/2025/beijing/presentation/6594&#34;&gt;https://aicon.infoq.cn/2025/beijing/presentation/6594&lt;/a&gt;&lt;/li&gt;&#xA;&lt;/ul&gt;&#xA;&lt;hr&gt;&#xA;&lt;h2 id=&#34;報告內容&#34;&gt;報告內容&lt;/h2&gt;&#xA;&lt;h1 id=&#34;qanything大模型驅動下的知識庫問答體系革新與實踐---綜合分析報告&#34;&gt;QAnything：大模型驅動下的知識庫問答體系革新與實踐 - 綜合分析報告&lt;/h1&gt;&#xA;&lt;h2 id=&#34;執行摘要&#34;&gt;執行摘要&lt;/h2&gt;&#xA;&lt;p&gt;本報告針對「QAnything：大模型驅動下的知識庫問答體系革新與實踐」主題演講的 PPT 內容進行全面分析。QAnything 是一個由騰訊與網易有道合作開發的、基於大型模型的知識庫問答系統。該系統以其自研的 RAG（Retrieval-Augmented Generation，檢索增強生成）引擎為核心，強調對全離線私有化部署的支援，並在多模態理解、複雜邏輯處理以及檢索精準度上取得了顯著突破。&lt;/p&gt;</description>
    </item>
    <item>
      <title>SGLang 推理引擎——高效的开源部署方案</title>
      <link>http://localhost/sessions/session-d9f22387/</link>
      <pubDate>Fri, 18 Jul 2025 00:00:00 +0000</pubDate>
      <guid>http://localhost/sessions/session-d9f22387/</guid>
      <description>&lt;h2 id=&#34;會議資訊&#34;&gt;會議資訊&lt;/h2&gt;&#xA;&lt;ul&gt;&#xA;&lt;li&gt;&lt;strong&gt;研討會：&lt;/strong&gt; 202506 AICon Beijing&lt;/li&gt;&#xA;&lt;li&gt;&lt;strong&gt;類型：&lt;/strong&gt; 主題演講&lt;/li&gt;&#xA;&lt;li&gt;&lt;strong&gt;來源：&lt;/strong&gt; &lt;a href=&#34;https://aicon.infoq.cn/2025/beijing/presentation/6453&#34;&gt;https://aicon.infoq.cn/2025/beijing/presentation/6453&lt;/a&gt;&lt;/li&gt;&#xA;&lt;/ul&gt;&#xA;&lt;hr&gt;&#xA;&lt;h2 id=&#34;報告內容&#34;&gt;報告內容&lt;/h2&gt;&#xA;&lt;h2 id=&#34;sglang-推理引擎高效開源部署方案綜合分析報告&#34;&gt;SGLang 推理引擎：高效開源部署方案綜合分析報告&lt;/h2&gt;&#xA;&lt;h3 id=&#34;執行摘要&#34;&gt;執行摘要&lt;/h3&gt;&#xA;&lt;p&gt;本報告旨在深入分析在 AiCon 2025 全球人工智能開發與應用大會上，由 LMSYS / SGLang 社區核心開發者尹良升發表的「SGLang 推理引擎——高效的開源部署方案」主題演講內容。SGLang 作為一個為大型語言模型（LLMs）和視覺語言模型（VLMs）提供服務的快速開源引擎，其核心價值在於解決當前 LLM 推理服務中面臨的效率、擴展性和成本挑戰。&lt;/p&gt;</description>
    </item>
    <item>
      <title>Training, Inference, Agents: Beyond Apps in the AI-Native World</title>
      <link>http://localhost/sessions/session-0a732304/</link>
      <pubDate>Fri, 18 Jul 2025 00:00:00 +0000</pubDate>
      <guid>http://localhost/sessions/session-0a732304/</guid>
      <description>&lt;h2 id=&#34;會議資訊&#34;&gt;會議資訊&lt;/h2&gt;&#xA;&lt;ul&gt;&#xA;&lt;li&gt;&lt;strong&gt;研討會：&lt;/strong&gt; 202506 AICon Beijing&lt;/li&gt;&#xA;&lt;li&gt;&lt;strong&gt;類型：&lt;/strong&gt; 主題演講&lt;/li&gt;&#xA;&lt;li&gt;&lt;strong&gt;來源：&lt;/strong&gt; &lt;a href=&#34;https://aicon.infoq.cn/2025/beijing/presentation/6531&#34;&gt;https://aicon.infoq.cn/2025/beijing/presentation/6531&lt;/a&gt;&lt;/li&gt;&#xA;&lt;/ul&gt;&#xA;&lt;hr&gt;&#xA;&lt;h2 id=&#34;報告內容&#34;&gt;報告內容&lt;/h2&gt;&#xA;&lt;h2 id=&#34;訓練推論代理ai原生世界中超越應用程式的發展綜合分析報告&#34;&gt;「訓練、推論、代理：AI原生世界中超越應用程式的發展」綜合分析報告&lt;/h2&gt;&#xA;&lt;h3 id=&#34;報告概要&#34;&gt;報告概要&lt;/h3&gt;&#xA;&lt;p&gt;本報告旨在深入分析Mark Collier先生在「202506 AICon Beijing」主題演講《Training, Inference, Agents: Beyond Apps in the AI-Native World》的PPT內容。本次演講聚焦於在「AI原生」（AI-Native）新時代下，人工智能發展的三大核心支柱：訓練（Training）、推論（Inference）和代理（Agents）。報告將從會議概述、技術要點、商業價值、創新亮點以及趨勢洞察等多個維度，為讀者呈現一份全面而深入的分析，旨在闡明開源、基礎設施與社群在AI未來發展中的關鍵作用。&lt;/p&gt;</description>
    </item>
    <item>
      <title>一年上线超 10 款产品，AI 时代如何做独立开发</title>
      <link>http://localhost/sessions/session-188a161a/</link>
      <pubDate>Fri, 18 Jul 2025 00:00:00 +0000</pubDate>
      <guid>http://localhost/sessions/session-188a161a/</guid>
      <description>&lt;h2 id=&#34;會議資訊&#34;&gt;會議資訊&lt;/h2&gt;&#xA;&lt;ul&gt;&#xA;&lt;li&gt;&lt;strong&gt;研討會：&lt;/strong&gt; 202506 AICon Beijing&lt;/li&gt;&#xA;&lt;li&gt;&lt;strong&gt;類型：&lt;/strong&gt; 主題演講&lt;/li&gt;&#xA;&lt;li&gt;&lt;strong&gt;來源：&lt;/strong&gt; &lt;a href=&#34;https://aicon.infoq.cn/2025/beijing/presentation/6442&#34;&gt;https://aicon.infoq.cn/2025/beijing/presentation/6442&lt;/a&gt;&lt;/li&gt;&#xA;&lt;/ul&gt;&#xA;&lt;hr&gt;&#xA;&lt;h2 id=&#34;報告內容&#34;&gt;報告內容&lt;/h2&gt;&#xA;&lt;h2 id=&#34;aicon-beijing-202506-主題演講ai-時代如何做獨立開發綜合分析報告&#34;&gt;AiCon Beijing 202506 主題演講：《AI 時代如何做獨立開發》綜合分析報告&lt;/h2&gt;&#xA;&lt;h3 id=&#34;報告概述&#34;&gt;報告概述&lt;/h3&gt;&#xA;&lt;p&gt;本報告旨在深入分析獨立開發者艾逗筆 (@idoubi) 在 2025 年 AiCon 全球人工智能開發與應用大會上發表的題為《AI 時代如何做獨立開發》的主題演講。演講者透過分享其在 AI 時代一年半內上線超過 10 款 AI 產品的實戰經驗，為廣大開發者和創業者提供了在快速變革的 AI 領域中進行獨立開發的實用策略、技術選型、商業洞察及未來方向。本報告將從會議概述、技術要點、商業價值、創新亮點及趨勢洞察五個維度進行全面而深入的剖析。&lt;/p&gt;</description>
    </item>
    <item>
      <title>京东零售大模型推理优化实践</title>
      <link>http://localhost/sessions/session-e9c5f110/</link>
      <pubDate>Fri, 18 Jul 2025 00:00:00 +0000</pubDate>
      <guid>http://localhost/sessions/session-e9c5f110/</guid>
      <description>&lt;h2 id=&#34;會議資訊&#34;&gt;會議資訊&lt;/h2&gt;&#xA;&lt;ul&gt;&#xA;&lt;li&gt;&lt;strong&gt;研討會：&lt;/strong&gt; 202506 AICon Beijing&lt;/li&gt;&#xA;&lt;li&gt;&lt;strong&gt;類型：&lt;/strong&gt; 主題演講&lt;/li&gt;&#xA;&lt;li&gt;&lt;strong&gt;來源：&lt;/strong&gt; &lt;a href=&#34;https://aicon.infoq.cn/2025/beijing/presentation/6530&#34;&gt;https://aicon.infoq.cn/2025/beijing/presentation/6530&lt;/a&gt;&lt;/li&gt;&#xA;&lt;/ul&gt;&#xA;&lt;hr&gt;&#xA;&lt;h2 id=&#34;報告內容&#34;&gt;報告內容&lt;/h2&gt;&#xA;&lt;p&gt;好的，這是一份根據您提供的京東零售大模型推理優化實踐 PPT 內容，生成的全方位綜合分析報告。&lt;/p&gt;&#xA;&lt;hr&gt;&#xA;&lt;h2 id=&#34;京東零售大模型推理優化實踐aicon-2025-全方位綜合分析報告&#34;&gt;京東零售大模型推理優化實踐：AICon 2025 全方位綜合分析報告&lt;/h2&gt;&#xA;&lt;h3 id=&#34;報告摘要&#34;&gt;報告摘要&lt;/h3&gt;&#xA;&lt;p&gt;本報告基於京東零售於 AiCon Beijing 2025 全球人工智能開發與應用大會上發表的「京東零售大模型推理優化實踐」主題演講內容，深入剖析了京東在大模型推理領域的先進技術、商業應用與未來戰略。京東作為電商巨頭，在大模型時代面臨著極致性能與成本效率的雙重挑戰。本次演講詳盡展示了其在系統架構、模型層面、硬體協同等多維度進行的創新優化，不僅在技術上取得突破，更在業務應用中實現了顯著的效益提升，為大模型在複雜零售場景中的大規模落地提供了寶貴經驗。&lt;/p&gt;</description>
    </item>
    <item>
      <title>从Copilot到Agent：AI编程的范式革新</title>
      <link>http://localhost/sessions/session-5ca8220f/</link>
      <pubDate>Fri, 18 Jul 2025 00:00:00 +0000</pubDate>
      <guid>http://localhost/sessions/session-5ca8220f/</guid>
      <description>&lt;h2 id=&#34;會議資訊&#34;&gt;會議資訊&lt;/h2&gt;&#xA;&lt;ul&gt;&#xA;&lt;li&gt;&lt;strong&gt;研討會：&lt;/strong&gt; 202506 AICon Beijing&lt;/li&gt;&#xA;&lt;li&gt;&lt;strong&gt;類型：&lt;/strong&gt; 主題演講&lt;/li&gt;&#xA;&lt;li&gt;&lt;strong&gt;來源：&lt;/strong&gt; &lt;a href=&#34;https://aicon.infoq.cn/2025/beijing/presentation/6514&#34;&gt;https://aicon.infoq.cn/2025/beijing/presentation/6514&lt;/a&gt;&lt;/li&gt;&#xA;&lt;/ul&gt;&#xA;&lt;hr&gt;&#xA;&lt;h2 id=&#34;報告內容&#34;&gt;報告內容&lt;/h2&gt;&#xA;&lt;p&gt;好的，這是一份根據您提供的 PPT 內容，生成的全面、深入且適合各類讀者的綜合分析報告。&lt;/p&gt;&#xA;&lt;hr&gt;&#xA;&lt;h2 id=&#34;綜合分析報告從-copilot-到-agent--ai-程式設計的範式革新&#34;&gt;綜合分析報告：從 Copilot 到 Agent — AI 程式設計的範式革新&lt;/h2&gt;&#xA;&lt;p&gt;&lt;strong&gt;會議標題：&lt;/strong&gt; 從 Copilot 到 Agent：AI 程式設計的範式革新&#xA;&lt;strong&gt;演講者：&lt;/strong&gt; 丁宇 (叔同)，阿里巴巴雲智能研發副總裁&#xA;&lt;strong&gt;研討會：&lt;/strong&gt; 202506 AiCon Beijing (全球人工智能開發與應用大會)&#xA;&lt;strong&gt;報告日期：&lt;/strong&gt; 2024年5月22日&lt;/p&gt;</description>
    </item>
    <item>
      <title>开场致辞</title>
      <link>http://localhost/sessions/session-162e4b8a/</link>
      <pubDate>Fri, 18 Jul 2025 00:00:00 +0000</pubDate>
      <guid>http://localhost/sessions/session-162e4b8a/</guid>
      <description>&lt;h2 id=&#34;會議資訊&#34;&gt;會議資訊&lt;/h2&gt;&#xA;&lt;ul&gt;&#xA;&lt;li&gt;&lt;strong&gt;研討會：&lt;/strong&gt; 202506 AICon Beijing&lt;/li&gt;&#xA;&lt;li&gt;&lt;strong&gt;類型：&lt;/strong&gt; 主題演講&lt;/li&gt;&#xA;&lt;li&gt;&lt;strong&gt;來源：&lt;/strong&gt; &lt;a href=&#34;https://aicon.infoq.cn/2025/beijing/presentation/6584&#34;&gt;https://aicon.infoq.cn/2025/beijing/presentation/6584&lt;/a&gt;&lt;/li&gt;&#xA;&lt;/ul&gt;&#xA;&lt;hr&gt;&#xA;&lt;h2 id=&#34;報告內容&#34;&gt;報告內容&lt;/h2&gt;&#xA;&lt;h2 id=&#34;202506-aicon-beijing-主題演講ai-應用落地進行時綜合分析報告&#34;&gt;202506 AICon Beijing 主題演講《AI 應用落地進行時》綜合分析報告&lt;/h2&gt;&#xA;&lt;h3 id=&#34;報告摘要&#34;&gt;報告摘要&lt;/h3&gt;&#xA;&lt;p&gt;本次 AICon 北京研討會的主題演講《AI 應用落地進行時》，由極客邦科技創始人兼CEO霍太穩先生主講，深入剖析了當前 AI 技術，特別是大模型，從概念探索走向實際應用和商業價值實現的關鍵階段。演講圍繞 AI 市場演變、C 端及 B 端應用現狀、AI Agent 發展、全球化出海策略、以及極客邦科技在人才培養與生態建設方面的實踐，為與會者描繪了一幅 AI 產業全景圖。報告將從會議概述、技術要點、商業價值、創新亮點和趨勢洞察五個方面進行全面解析。&lt;/p&gt;</description>
    </item>
    <item>
      <title>深入对比智能体协议：MCP、A2A、ANP</title>
      <link>http://localhost/sessions/session-972e13af/</link>
      <pubDate>Fri, 18 Jul 2025 00:00:00 +0000</pubDate>
      <guid>http://localhost/sessions/session-972e13af/</guid>
      <description>&lt;h2 id=&#34;會議資訊&#34;&gt;會議資訊&lt;/h2&gt;&#xA;&lt;ul&gt;&#xA;&lt;li&gt;&lt;strong&gt;研討會：&lt;/strong&gt; 202506 AICon Beijing&lt;/li&gt;&#xA;&lt;li&gt;&lt;strong&gt;類型：&lt;/strong&gt; 主題演講&lt;/li&gt;&#xA;&lt;li&gt;&lt;strong&gt;來源：&lt;/strong&gt; &lt;a href=&#34;https://aicon.infoq.cn/2025/beijing/presentation/6504&#34;&gt;https://aicon.infoq.cn/2025/beijing/presentation/6504&lt;/a&gt;&lt;/li&gt;&#xA;&lt;/ul&gt;&#xA;&lt;hr&gt;&#xA;&lt;h2 id=&#34;報告內容&#34;&gt;報告內容&lt;/h2&gt;&#xA;&lt;h2 id=&#34;智能體協議深度分析報告邁向智能體互聯網的基石&#34;&gt;智能體協議深度分析報告：邁向智能體互聯網的基石&lt;/h2&gt;&#xA;&lt;h3 id=&#34;會議概覽&#34;&gt;會議概覽&lt;/h3&gt;&#xA;&lt;p&gt;本報告基於2025年6月在北京AICon研討會上，由ANP開源技術社區發起人暨W3C AI Agent Protocol社區組聯合主席常高偉先生發表的主題演講《深入對比MCP、A2A、ANP協議：智能體互聯網的黎明之前》的PPT內容，進行了全面而深入的分析。此次演講的核心旨在探討智能體互聯網（Agent Internet / Agentic Web）時代對底層通訊協議的迫切需求，並詳細比較了當前三種關鍵協議：模型上下文協議（MCP）、智能體對智能體協議（A2A），以及智能體網絡協議（ANP），展望了智能體驅動的未來數字生態。&lt;/p&gt;</description>
    </item>
    <item>
      <title>深思考端侧多模态大模型TinyDongni&amp;Deepseek的创新实践</title>
      <link>http://localhost/sessions/session-06738cfc/</link>
      <pubDate>Fri, 18 Jul 2025 00:00:00 +0000</pubDate>
      <guid>http://localhost/sessions/session-06738cfc/</guid>
      <description>&lt;h2 id=&#34;會議資訊&#34;&gt;會議資訊&lt;/h2&gt;&#xA;&lt;ul&gt;&#xA;&lt;li&gt;&lt;strong&gt;研討會：&lt;/strong&gt; 202506 AICon Beijing&lt;/li&gt;&#xA;&lt;li&gt;&lt;strong&gt;類型：&lt;/strong&gt; 主題演講&lt;/li&gt;&#xA;&lt;li&gt;&lt;strong&gt;來源：&lt;/strong&gt; &lt;a href=&#34;https://aicon.infoq.cn/2025/beijing/presentation/6529&#34;&gt;https://aicon.infoq.cn/2025/beijing/presentation/6529&lt;/a&gt;&lt;/li&gt;&#xA;&lt;/ul&gt;&#xA;&lt;hr&gt;&#xA;&lt;h2 id=&#34;報告內容&#34;&gt;報告內容&lt;/h2&gt;&#xA;&lt;p&gt;好的，這是一份根據您提供的PPT內容，針對「深思考端側多模態大模型TinyDongni&amp;amp;Deepseek的創新實踐」研討會的主題演講，所生成的全方位綜合分析報告。&lt;/p&gt;</description>
    </item>
    <item>
      <title>能源行业基于大模型的数据治理和人工智能应用实践</title>
      <link>http://localhost/sessions/session-af38178a/</link>
      <pubDate>Fri, 18 Jul 2025 00:00:00 +0000</pubDate>
      <guid>http://localhost/sessions/session-af38178a/</guid>
      <description>&lt;h2 id=&#34;會議資訊&#34;&gt;會議資訊&lt;/h2&gt;&#xA;&lt;ul&gt;&#xA;&lt;li&gt;&lt;strong&gt;研討會：&lt;/strong&gt; 202506 AICon Beijing&lt;/li&gt;&#xA;&lt;li&gt;&lt;strong&gt;類型：&lt;/strong&gt; 主題演講&lt;/li&gt;&#xA;&lt;li&gt;&lt;strong&gt;來源：&lt;/strong&gt; &lt;a href=&#34;https://aicon.infoq.cn/2025/beijing/presentation/6593&#34;&gt;https://aicon.infoq.cn/2025/beijing/presentation/6593&lt;/a&gt;&lt;/li&gt;&#xA;&lt;/ul&gt;&#xA;&lt;hr&gt;&#xA;&lt;h2 id=&#34;報告內容&#34;&gt;報告內容&lt;/h2&gt;&#xA;&lt;h2 id=&#34;能源行業基於大模型的數據治理和人工智能應用實踐雲鼎科技-aicon-beijing-2025-主題演講綜合分析報告&#34;&gt;能源行業基於大模型的數據治理和人工智能應用實踐——雲鼎科技 AICon Beijing 2025 主題演講綜合分析報告&lt;/h2&gt;&#xA;&lt;p&gt;本報告旨在深入剖析雲鼎科技在 2025 年 AICon Beijing 研討會上關於「能源行業基於大模型的數據治理和人工智能應用實踐」主題演講的 PPT 內容。報告將從會議概述、技術要點、商業價值、創新亮點及趨勢洞察等多維度進行全面分析，以期為不同背景的讀者提供專業且具深度的見解。&lt;/p&gt;</description>
    </item>
    <item>
      <title>货拉拉大数据存储实践与 AI 时代的应对</title>
      <link>http://localhost/sessions/session-f9c0d626/</link>
      <pubDate>Fri, 18 Jul 2025 00:00:00 +0000</pubDate>
      <guid>http://localhost/sessions/session-f9c0d626/</guid>
      <description>&lt;h2 id=&#34;會議資訊&#34;&gt;會議資訊&lt;/h2&gt;&#xA;&lt;ul&gt;&#xA;&lt;li&gt;&lt;strong&gt;研討會：&lt;/strong&gt; 202506 AICon Beijing&lt;/li&gt;&#xA;&lt;li&gt;&lt;strong&gt;類型：&lt;/strong&gt; 主題演講&lt;/li&gt;&#xA;&lt;li&gt;&lt;strong&gt;來源：&lt;/strong&gt; &lt;a href=&#34;https://aicon.infoq.cn/2025/beijing/presentation/6595&#34;&gt;https://aicon.infoq.cn/2025/beijing/presentation/6595&lt;/a&gt;&lt;/li&gt;&#xA;&lt;/ul&gt;&#xA;&lt;hr&gt;&#xA;&lt;h2 id=&#34;報告內容&#34;&gt;報告內容&lt;/h2&gt;&#xA;&lt;p&gt;好的，這是一份根據貨拉拉（Lalamove）於AICon Beijing 202506 發表的《貨拉拉大數據儲存實踐與AI時代的應對》主題演講PPT內容，所生成的全方位綜合分析報告。&lt;/p&gt;</description>
    </item>
  </channel>
</rss>
