<?xml version="1.0" encoding="utf-8" standalone="yes"?>
<rss version="2.0" xmlns:atom="http://www.w3.org/2005/Atom">
  <channel>
    <title>技術趨勢總覽 on NeoTrendHub 會議報告</title>
    <link>http://localhost/</link>
    <description>Recent content in 技術趨勢總覽 on NeoTrendHub 會議報告</description>
    <generator>Hugo</generator>
    <language>zh-tw</language>
    <lastBuildDate>Fri, 18 Jul 2025 00:00:00 +0000</lastBuildDate>
    <atom:link href="http://localhost/index.xml" rel="self" type="application/rss+xml" />
    <item>
      <title>AI Agent 如何重塑有声内容的生产与分发</title>
      <link>http://localhost/sessions/session-766c6ee4/</link>
      <pubDate>Fri, 18 Jul 2025 00:00:00 +0000</pubDate>
      <guid>http://localhost/sessions/session-766c6ee4/</guid>
      <description>&lt;h2 id=&#34;會議資訊&#34;&gt;會議資訊&lt;/h2&gt;&#xA;&lt;ul&gt;&#xA;&lt;li&gt;&lt;strong&gt;研討會：&lt;/strong&gt; 202506 AICon Beijing&lt;/li&gt;&#xA;&lt;li&gt;&lt;strong&gt;類型：&lt;/strong&gt; 主題演講&lt;/li&gt;&#xA;&lt;li&gt;&lt;strong&gt;來源：&lt;/strong&gt; &lt;a href=&#34;https://aicon.infoq.cn/2025/beijing/presentation/6528&#34;&gt;https://aicon.infoq.cn/2025/beijing/presentation/6528&lt;/a&gt;&lt;/li&gt;&#xA;&lt;/ul&gt;&#xA;&lt;hr&gt;&#xA;&lt;h2 id=&#34;報告內容&#34;&gt;報告內容&lt;/h2&gt;&#xA;&lt;p&gt;好的，這是一份根據您提供的 PPT 內容生成的全方位綜合分析報告，旨在深入剖析 AI Agent 如何重塑有聲內容的生產與分發，適合技術、商業及趨勢洞察者閱讀。&lt;/p&gt;</description>
    </item>
    <item>
      <title>AI Agent&#43;IoT技术方案新场景创新应用</title>
      <link>http://localhost/sessions/session-8ab99e20/</link>
      <pubDate>Fri, 18 Jul 2025 00:00:00 +0000</pubDate>
      <guid>http://localhost/sessions/session-8ab99e20/</guid>
      <description>&lt;h2 id=&#34;會議資訊&#34;&gt;會議資訊&lt;/h2&gt;&#xA;&lt;ul&gt;&#xA;&lt;li&gt;&lt;strong&gt;研討會：&lt;/strong&gt; 202506 AICon Beijing&lt;/li&gt;&#xA;&lt;li&gt;&lt;strong&gt;類型：&lt;/strong&gt; 主題演講&lt;/li&gt;&#xA;&lt;li&gt;&lt;strong&gt;來源：&lt;/strong&gt; &lt;a href=&#34;https://aicon.infoq.cn/2025/beijing/presentation/6581&#34;&gt;https://aicon.infoq.cn/2025/beijing/presentation/6581&lt;/a&gt;&lt;/li&gt;&#xA;&lt;/ul&gt;&#xA;&lt;hr&gt;&#xA;&lt;h2 id=&#34;報告內容&#34;&gt;報告內容&lt;/h2&gt;&#xA;&lt;p&gt;好的，這是一份根據您提供的會議 PPT 內容生成的全面綜合分析報告，旨在為各類讀者提供技術、商業和趨勢的深度洞察。&lt;/p&gt;</description>
    </item>
    <item>
      <title>AI赋能eBay支付风控：从用户行为到交易安全的全面智能化</title>
      <link>http://localhost/sessions/session-f48d2c98/</link>
      <pubDate>Fri, 18 Jul 2025 00:00:00 +0000</pubDate>
      <guid>http://localhost/sessions/session-f48d2c98/</guid>
      <description>&lt;h2 id=&#34;會議資訊&#34;&gt;會議資訊&lt;/h2&gt;&#xA;&lt;ul&gt;&#xA;&lt;li&gt;&lt;strong&gt;研討會：&lt;/strong&gt; 202506 AICon Beijing&lt;/li&gt;&#xA;&lt;li&gt;&lt;strong&gt;類型：&lt;/strong&gt; 主題演講&lt;/li&gt;&#xA;&lt;li&gt;&lt;strong&gt;來源：&lt;/strong&gt; &lt;a href=&#34;https://aicon.infoq.cn/2025/beijing/presentation/6431&#34;&gt;https://aicon.infoq.cn/2025/beijing/presentation/6431&lt;/a&gt;&lt;/li&gt;&#xA;&lt;/ul&gt;&#xA;&lt;hr&gt;&#xA;&lt;h2 id=&#34;報告內容&#34;&gt;報告內容&lt;/h2&gt;&#xA;&lt;h2 id=&#34;ai賦能ebay支付風控從用戶行為到交易安全的全面智能化--綜合分析報告&#34;&gt;AI賦能eBay支付風控：從用戶行為到交易安全的全面智能化 – 綜合分析報告&lt;/h2&gt;&#xA;&lt;p&gt;&lt;strong&gt;會議標題：&lt;/strong&gt; AI赋能eBay支付风控：从用户行为到交易安全的全面智能化&#xA;&lt;strong&gt;研討會：&lt;/strong&gt; 202506 AICon Beijing&#xA;&lt;strong&gt;演講者：&lt;/strong&gt; 魏瑤 (Wendy Wei)，eBay/支付風控高級技術專家&lt;/p&gt;</description>
    </item>
    <item>
      <title>CangjieMagic：基于仓颉语言的Agent开发框架实践</title>
      <link>http://localhost/sessions/session-111579d4/</link>
      <pubDate>Fri, 18 Jul 2025 00:00:00 +0000</pubDate>
      <guid>http://localhost/sessions/session-111579d4/</guid>
      <description>&lt;h2 id=&#34;會議資訊&#34;&gt;會議資訊&lt;/h2&gt;&#xA;&lt;ul&gt;&#xA;&lt;li&gt;&lt;strong&gt;研討會：&lt;/strong&gt; 202506 AICon Beijing&lt;/li&gt;&#xA;&lt;li&gt;&lt;strong&gt;類型：&lt;/strong&gt; 主題演講&lt;/li&gt;&#xA;&lt;li&gt;&lt;strong&gt;來源：&lt;/strong&gt; &lt;a href=&#34;https://aicon.infoq.cn/2025/beijing/presentation/6525&#34;&gt;https://aicon.infoq.cn/2025/beijing/presentation/6525&lt;/a&gt;&lt;/li&gt;&#xA;&lt;/ul&gt;&#xA;&lt;hr&gt;&#xA;&lt;h2 id=&#34;報告內容&#34;&gt;報告內容&lt;/h2&gt;&#xA;&lt;p&gt;好的，這是一份根據您提供的會議簡報內容，所生成的全方位綜合分析報告。&lt;/p&gt;&#xA;&lt;hr&gt;&#xA;&lt;h2 id=&#34;cangjiemagic基於倉頡語言的-agent-開發框架實踐---綜合分析報告&#34;&gt;CangjieMagic：基於倉頡語言的 Agent 開發框架實踐 - 綜合分析報告&lt;/h2&gt;&#xA;&lt;p&gt;&lt;strong&gt;會議標題：&lt;/strong&gt; CangjieMagic：基於倉頡語言的 Agent 開發框架實踐&#xA;&lt;strong&gt;研討會：&lt;/strong&gt; 202506 AICon Beijing&#xA;&lt;strong&gt;類型：&lt;/strong&gt; 主題演講&#xA;&lt;strong&gt;演講者：&lt;/strong&gt; 董鑫，編程語言資深技術專家，華為2012實驗室&lt;/p&gt;</description>
    </item>
    <item>
      <title>Coding Agent 驱动研发提效：从实践到流程改进</title>
      <link>http://localhost/sessions/session-12d77a9f/</link>
      <pubDate>Fri, 18 Jul 2025 00:00:00 +0000</pubDate>
      <guid>http://localhost/sessions/session-12d77a9f/</guid>
      <description>&lt;h2 id=&#34;會議資訊&#34;&gt;會議資訊&lt;/h2&gt;&#xA;&lt;ul&gt;&#xA;&lt;li&gt;&lt;strong&gt;研討會：&lt;/strong&gt; 202506 AICon Beijing&lt;/li&gt;&#xA;&lt;li&gt;&lt;strong&gt;類型：&lt;/strong&gt; 主題演講&lt;/li&gt;&#xA;&lt;li&gt;&lt;strong&gt;來源：&lt;/strong&gt; &lt;a href=&#34;https://aicon.infoq.cn/2025/beijing/presentation/6511&#34;&gt;https://aicon.infoq.cn/2025/beijing/presentation/6511&lt;/a&gt;&lt;/li&gt;&#xA;&lt;/ul&gt;&#xA;&lt;hr&gt;&#xA;&lt;h2 id=&#34;報告內容&#34;&gt;報告內容&lt;/h2&gt;&#xA;&lt;p&gt;好的，根據您提供的 PPT 內容，這是一份全方位的綜合分析報告。&lt;/p&gt;&#xA;&lt;hr&gt;&#xA;&lt;h2 id=&#34;coding-agent-驅動研發提效從實踐到流程改進--綜合分析報告&#34;&gt;Coding Agent 驅動研發提效：從實踐到流程改進 — 綜合分析報告&lt;/h2&gt;&#xA;&lt;h3 id=&#34;報告概述&#34;&gt;報告概述&lt;/h3&gt;&#xA;&lt;p&gt;本報告旨在深入分析同程旅行工程效能架構師楊方偉先生在 AiCon Beijing 2025 全球人工智能開發與應用大會上的主題演講《Coding Agent 驅動研發提效：從實踐到流程改進》。該演講詳細闡述了同程旅行如何利用人工智慧編碼代理（Coding Agent）技術，從最初的代碼輔助功能，逐步推進至全面革新研發流程的實踐經驗、技術要點、商業價值、創新策略及未來展望。&lt;/p&gt;</description>
    </item>
    <item>
      <title>Data&#43;AI 下一代数智平台建设</title>
      <link>http://localhost/sessions/session-688e55cf/</link>
      <pubDate>Fri, 18 Jul 2025 00:00:00 +0000</pubDate>
      <guid>http://localhost/sessions/session-688e55cf/</guid>
      <description>&lt;h2 id=&#34;會議資訊&#34;&gt;會議資訊&lt;/h2&gt;&#xA;&lt;ul&gt;&#xA;&lt;li&gt;&lt;strong&gt;研討會：&lt;/strong&gt; 202506 AICon Beijing&lt;/li&gt;&#xA;&lt;li&gt;&lt;strong&gt;類型：&lt;/strong&gt; 主題演講&lt;/li&gt;&#xA;&lt;li&gt;&lt;strong&gt;來源：&lt;/strong&gt; &lt;a href=&#34;https://aicon.infoq.cn/2025/beijing/presentation/6588&#34;&gt;https://aicon.infoq.cn/2025/beijing/presentation/6588&lt;/a&gt;&lt;/li&gt;&#xA;&lt;/ul&gt;&#xA;&lt;hr&gt;&#xA;&lt;h2 id=&#34;報告內容&#34;&gt;報告內容&lt;/h2&gt;&#xA;&lt;h1 id=&#34;騰訊雲dataai-下一代數智平台建設研討會綜合分析報告&#34;&gt;騰訊雲「Data+AI 下一代數智平台建設」研討會綜合分析報告&lt;/h1&gt;&#xA;&lt;p&gt;&lt;strong&gt;報告標題：&lt;/strong&gt; 從數據「說話」到數據「智能決策」——騰訊雲DlaaS引領Data+AI新範式&lt;/p&gt;</description>
    </item>
    <item>
      <title>DeepResearch如何在企业内落地</title>
      <link>http://localhost/sessions/session-25c654c8/</link>
      <pubDate>Fri, 18 Jul 2025 00:00:00 +0000</pubDate>
      <guid>http://localhost/sessions/session-25c654c8/</guid>
      <description>&lt;h2 id=&#34;會議資訊&#34;&gt;會議資訊&lt;/h2&gt;&#xA;&lt;ul&gt;&#xA;&lt;li&gt;&lt;strong&gt;研討會：&lt;/strong&gt; 202506 AICon Beijing&lt;/li&gt;&#xA;&lt;li&gt;&lt;strong&gt;類型：&lt;/strong&gt; 主題演講&lt;/li&gt;&#xA;&lt;li&gt;&lt;strong&gt;來源：&lt;/strong&gt; &lt;a href=&#34;https://aicon.infoq.cn/2025/beijing/presentation/6459&#34;&gt;https://aicon.infoq.cn/2025/beijing/presentation/6459&lt;/a&gt;&lt;/li&gt;&#xA;&lt;/ul&gt;&#xA;&lt;hr&gt;&#xA;&lt;h2 id=&#34;報告內容&#34;&gt;報告內容&lt;/h2&gt;&#xA;&lt;h2 id=&#34;深度報告大型語言模型企業落地策略與bisheng靈思deepresearch的創新實踐&#34;&gt;深度報告：大型語言模型企業落地策略與BISHENG·靈思（DeepResearch）的創新實踐&lt;/h2&gt;&#xA;&lt;h3 id=&#34;執行摘要&#34;&gt;執行摘要&lt;/h3&gt;&#xA;&lt;p&gt;本報告基於BISHENG聯合創始人覃睿在2025年AiCon全球人工智能開發與應用大會上的主題演講《DeepResearch如何在企業內落地》的PPT內容，對大型語言模型（LLM）在企業應用中的挑戰、解決方案及未來趨勢進行了全面深入的分析。演講核心聚焦於DeepResearch（靈思）如何作為一種新範式，有效連結技術與業務，顯著降低AI應用建構門檻，並賦能業務人員，從而加速企業內部的智能化轉型。報告將從會議概述、技術要點、商業價值、創新亮點及趨勢洞察五個維度，為各類讀者提供全面而深刻的見解。&lt;/p&gt;</description>
    </item>
    <item>
      <title>DLRover在万卡规模大模型训练中的稳定性实践</title>
      <link>http://localhost/sessions/session-6db34cc7/</link>
      <pubDate>Fri, 18 Jul 2025 00:00:00 +0000</pubDate>
      <guid>http://localhost/sessions/session-6db34cc7/</guid>
      <description>&lt;h2 id=&#34;會議資訊&#34;&gt;會議資訊&lt;/h2&gt;&#xA;&lt;ul&gt;&#xA;&lt;li&gt;&lt;strong&gt;研討會：&lt;/strong&gt; 202506 AICon Beijing&lt;/li&gt;&#xA;&lt;li&gt;&lt;strong&gt;類型：&lt;/strong&gt; 主題演講&lt;/li&gt;&#xA;&lt;li&gt;&lt;strong&gt;來源：&lt;/strong&gt; &lt;a href=&#34;https://aicon.infoq.cn/2025/beijing/presentation/6483&#34;&gt;https://aicon.infoq.cn/2025/beijing/presentation/6483&lt;/a&gt;&lt;/li&gt;&#xA;&lt;/ul&gt;&#xA;&lt;hr&gt;&#xA;&lt;h2 id=&#34;報告內容&#34;&gt;報告內容&lt;/h2&gt;&#xA;&lt;p&gt;好的，這是一份根據您提供的PPT內容，針對「DLRover在萬卡規模大模型訓練中的穩定性實踐」主題的綜合分析報告。&lt;/p&gt;</description>
    </item>
    <item>
      <title>GenAI 应用时代，开发思想如何变革？</title>
      <link>http://localhost/sessions/session-f58850fb/</link>
      <pubDate>Fri, 18 Jul 2025 00:00:00 +0000</pubDate>
      <guid>http://localhost/sessions/session-f58850fb/</guid>
      <description>&lt;h2 id=&#34;會議資訊&#34;&gt;會議資訊&lt;/h2&gt;&#xA;&lt;ul&gt;&#xA;&lt;li&gt;&lt;strong&gt;研討會：&lt;/strong&gt; 202506 AICon Beijing&lt;/li&gt;&#xA;&lt;li&gt;&lt;strong&gt;類型：&lt;/strong&gt; 主題演講&lt;/li&gt;&#xA;&lt;li&gt;&lt;strong&gt;來源：&lt;/strong&gt; &lt;a href=&#34;https://aicon.infoq.cn/2025/beijing/presentation/6454&#34;&gt;https://aicon.infoq.cn/2025/beijing/presentation/6454&lt;/a&gt;&lt;/li&gt;&#xA;&lt;/ul&gt;&#xA;&lt;hr&gt;&#xA;&lt;h2 id=&#34;報告內容&#34;&gt;報告內容&lt;/h2&gt;&#xA;&lt;h2 id=&#34;genai-應用時代開發思想變革綜合分析報告&#34;&gt;GenAI 應用時代：開發思想變革綜合分析報告&lt;/h2&gt;&#xA;&lt;h3 id=&#34;引言&#34;&gt;引言&lt;/h3&gt;&#xA;&lt;p&gt;本報告旨在深入分析由北京智體紀元科技有限公司創始人莫欣於 2025 年 6 月 AICon Beijing 全球人工智能開發與應用大會上發表的主題演講《GenAI 應用時代，開發思想如何變革？》的 PPT 內容。我們將從會議概述、技術要點、商業價值、創新亮點以及趨勢洞察等多個維度，提供一份全面、專業且具深度的綜合分析，以期為各類讀者揭示生成式人工智慧（GenAI）對軟體開發範式帶來的深遠影響。&lt;/p&gt;</description>
    </item>
    <item>
      <title>Infinity：视觉自回归生成新路线</title>
      <link>http://localhost/sessions/session-e53a6872/</link>
      <pubDate>Fri, 18 Jul 2025 00:00:00 +0000</pubDate>
      <guid>http://localhost/sessions/session-e53a6872/</guid>
      <description>&lt;h2 id=&#34;會議資訊&#34;&gt;會議資訊&lt;/h2&gt;&#xA;&lt;ul&gt;&#xA;&lt;li&gt;&lt;strong&gt;研討會：&lt;/strong&gt; 202506 AICon Beijing&lt;/li&gt;&#xA;&lt;li&gt;&lt;strong&gt;類型：&lt;/strong&gt; 主題演講&lt;/li&gt;&#xA;&lt;li&gt;&lt;strong&gt;來源：&lt;/strong&gt; &lt;a href=&#34;https://aicon.infoq.cn/2025/beijing/presentation/6512&#34;&gt;https://aicon.infoq.cn/2025/beijing/presentation/6512&lt;/a&gt;&lt;/li&gt;&#xA;&lt;/ul&gt;&#xA;&lt;hr&gt;&#xA;&lt;h2 id=&#34;報告內容&#34;&gt;報告內容&lt;/h2&gt;&#xA;&lt;h2 id=&#34;infinity視覺自回歸生成新路線全方位綜合分析報告&#34;&gt;Infinity：視覺自回歸生成新路線——全方位綜合分析報告&lt;/h2&gt;&#xA;&lt;h3 id=&#34;執行摘要&#34;&gt;執行摘要&lt;/h3&gt;&#xA;&lt;p&gt;本報告針對字節跳動韓劍在 2025 年 AiCon 全球人工智能開發與應用大會上的主題演講《Infinity：視覺自回歸生成新路線》的 PPT 內容進行深度分析。Infinity 提出了一個開創性的視覺自回歸生成模型，透過「位元建模框架」的核心創新，顯著克服了傳統自回歸模型在高品質圖像生成、速度及穩定性方面的瓶頸。其核心技術包括「位元分詞器」和「位元自校正」機制，使得 Infinity 在多個關鍵圖像生成基準測試上超越了主流擴散模型（如 DiT、SD3 和 DALL-E 3），並展現出驚人的推理速度。本報告將從會議概述、技術要點、商業價值、創新亮點及趨勢洞察五個維度，為各類讀者提供全面而深入的分析。&lt;/p&gt;</description>
    </item>
    <item>
      <title>LLM技术在有道词典笔上的应用实践</title>
      <link>http://localhost/sessions/session-c9ca70ba/</link>
      <pubDate>Fri, 18 Jul 2025 00:00:00 +0000</pubDate>
      <guid>http://localhost/sessions/session-c9ca70ba/</guid>
      <description>&lt;h2 id=&#34;會議資訊&#34;&gt;會議資訊&lt;/h2&gt;&#xA;&lt;ul&gt;&#xA;&lt;li&gt;&lt;strong&gt;研討會：&lt;/strong&gt; 202506 AICon Beijing&lt;/li&gt;&#xA;&lt;li&gt;&lt;strong&gt;類型：&lt;/strong&gt; 主題演講&lt;/li&gt;&#xA;&lt;li&gt;&lt;strong&gt;來源：&lt;/strong&gt; &lt;a href=&#34;https://aicon.infoq.cn/2025/beijing/presentation/6533&#34;&gt;https://aicon.infoq.cn/2025/beijing/presentation/6533&lt;/a&gt;&lt;/li&gt;&#xA;&lt;/ul&gt;&#xA;&lt;hr&gt;&#xA;&lt;h2 id=&#34;報告內容&#34;&gt;報告內容&lt;/h2&gt;&#xA;&lt;h2 id=&#34;網易有道llm-技術在有道詞典筆上的應用實踐綜合分析報告&#34;&gt;網易有道「LLM 技術在有道詞典筆上的應用實踐」綜合分析報告&lt;/h2&gt;&#xA;&lt;h3 id=&#34;報告摘要&#34;&gt;報告摘要&lt;/h3&gt;&#xA;&lt;p&gt;本報告針對網易有道於 2025 年 6 月 AiCon Beijing 研討會上發表的主題演講：「LLM 技術在有道詞典筆上的應用實踐」進行全面深入的分析。該簡報聚焦於大型語言模型（LLM）在智能學習硬件，特別是有道詞典筆上的落地挑戰與解決方案，並展現了其在教育垂直領域的技術積累與商業成果。報告將從會議概述、技術要點、商業價值、創新亮點及趨勢洞察五個維度，為技術專家、商業決策者及廣泛讀者提供全面的視角。&lt;/p&gt;</description>
    </item>
    <item>
      <title>Multi-Agent架构驱动的Data Agent路线与工程实践</title>
      <link>http://localhost/sessions/session-e16475e5/</link>
      <pubDate>Fri, 18 Jul 2025 00:00:00 +0000</pubDate>
      <guid>http://localhost/sessions/session-e16475e5/</guid>
      <description>&lt;h2 id=&#34;會議資訊&#34;&gt;會議資訊&lt;/h2&gt;&#xA;&lt;ul&gt;&#xA;&lt;li&gt;&lt;strong&gt;研討會：&lt;/strong&gt; 202506 AICon Beijing&lt;/li&gt;&#xA;&lt;li&gt;&lt;strong&gt;類型：&lt;/strong&gt; 主題演講&lt;/li&gt;&#xA;&lt;li&gt;&lt;strong&gt;來源：&lt;/strong&gt; &lt;a href=&#34;https://aicon.infoq.cn/2025/beijing/presentation/6495&#34;&gt;https://aicon.infoq.cn/2025/beijing/presentation/6495&lt;/a&gt;&lt;/li&gt;&#xA;&lt;/ul&gt;&#xA;&lt;hr&gt;&#xA;&lt;h2 id=&#34;報告內容&#34;&gt;報告內容&lt;/h2&gt;&#xA;&lt;h2 id=&#34;multi-agent-架構驅動的-data-agent-深度分析報告&#34;&gt;Multi-Agent 架構驅動的 Data Agent 深度分析報告&lt;/h2&gt;&#xA;&lt;hr&gt;&#xA;&lt;h3 id=&#34;前言&#34;&gt;&lt;strong&gt;前言&lt;/strong&gt;&lt;/h3&gt;&#xA;&lt;p&gt;本報告旨在深入分析數勢科技 AI 負責人李飛在 2025 年 AiCon Beijing 大會上發表的主題演講《Multi-Agent 架構驅動的 Data Agent 路線與工程實踐》的 PPT 內容。透過對其技術要點、商業價值、創新亮點及未來趨勢的全面剖析，為各類讀者提供一份專業且具深度的綜合洞察。本次演講聚焦於如何將大模型從「好玩」推向「好用」，並在企業級數據分析領域實現智能體驅動的變革。&lt;/p&gt;</description>
    </item>
    <item>
      <title>QAnything：大模型驱动下的知识库问答体系革新与实践</title>
      <link>http://localhost/sessions/session-7b9e519b/</link>
      <pubDate>Fri, 18 Jul 2025 00:00:00 +0000</pubDate>
      <guid>http://localhost/sessions/session-7b9e519b/</guid>
      <description>&lt;h2 id=&#34;會議資訊&#34;&gt;會議資訊&lt;/h2&gt;&#xA;&lt;ul&gt;&#xA;&lt;li&gt;&lt;strong&gt;研討會：&lt;/strong&gt; 202506 AICon Beijing&lt;/li&gt;&#xA;&lt;li&gt;&lt;strong&gt;類型：&lt;/strong&gt; 主題演講&lt;/li&gt;&#xA;&lt;li&gt;&lt;strong&gt;來源：&lt;/strong&gt; &lt;a href=&#34;https://aicon.infoq.cn/2025/beijing/presentation/6594&#34;&gt;https://aicon.infoq.cn/2025/beijing/presentation/6594&lt;/a&gt;&lt;/li&gt;&#xA;&lt;/ul&gt;&#xA;&lt;hr&gt;&#xA;&lt;h2 id=&#34;報告內容&#34;&gt;報告內容&lt;/h2&gt;&#xA;&lt;h1 id=&#34;qanything大模型驅動下的知識庫問答體系革新與實踐---綜合分析報告&#34;&gt;QAnything：大模型驅動下的知識庫問答體系革新與實踐 - 綜合分析報告&lt;/h1&gt;&#xA;&lt;h2 id=&#34;執行摘要&#34;&gt;執行摘要&lt;/h2&gt;&#xA;&lt;p&gt;本報告針對「QAnything：大模型驅動下的知識庫問答體系革新與實踐」主題演講的 PPT 內容進行全面分析。QAnything 是一個由騰訊與網易有道合作開發的、基於大型模型的知識庫問答系統。該系統以其自研的 RAG（Retrieval-Augmented Generation，檢索增強生成）引擎為核心，強調對全離線私有化部署的支援，並在多模態理解、複雜邏輯處理以及檢索精準度上取得了顯著突破。&lt;/p&gt;</description>
    </item>
    <item>
      <title>SGLang 推理引擎——高效的开源部署方案</title>
      <link>http://localhost/sessions/session-d9f22387/</link>
      <pubDate>Fri, 18 Jul 2025 00:00:00 +0000</pubDate>
      <guid>http://localhost/sessions/session-d9f22387/</guid>
      <description>&lt;h2 id=&#34;會議資訊&#34;&gt;會議資訊&lt;/h2&gt;&#xA;&lt;ul&gt;&#xA;&lt;li&gt;&lt;strong&gt;研討會：&lt;/strong&gt; 202506 AICon Beijing&lt;/li&gt;&#xA;&lt;li&gt;&lt;strong&gt;類型：&lt;/strong&gt; 主題演講&lt;/li&gt;&#xA;&lt;li&gt;&lt;strong&gt;來源：&lt;/strong&gt; &lt;a href=&#34;https://aicon.infoq.cn/2025/beijing/presentation/6453&#34;&gt;https://aicon.infoq.cn/2025/beijing/presentation/6453&lt;/a&gt;&lt;/li&gt;&#xA;&lt;/ul&gt;&#xA;&lt;hr&gt;&#xA;&lt;h2 id=&#34;報告內容&#34;&gt;報告內容&lt;/h2&gt;&#xA;&lt;h2 id=&#34;sglang-推理引擎高效開源部署方案綜合分析報告&#34;&gt;SGLang 推理引擎：高效開源部署方案綜合分析報告&lt;/h2&gt;&#xA;&lt;h3 id=&#34;執行摘要&#34;&gt;執行摘要&lt;/h3&gt;&#xA;&lt;p&gt;本報告旨在深入分析在 AiCon 2025 全球人工智能開發與應用大會上，由 LMSYS / SGLang 社區核心開發者尹良升發表的「SGLang 推理引擎——高效的開源部署方案」主題演講內容。SGLang 作為一個為大型語言模型（LLMs）和視覺語言模型（VLMs）提供服務的快速開源引擎，其核心價值在於解決當前 LLM 推理服務中面臨的效率、擴展性和成本挑戰。&lt;/p&gt;</description>
    </item>
    <item>
      <title>Training, Inference, Agents: Beyond Apps in the AI-Native World</title>
      <link>http://localhost/sessions/session-0a732304/</link>
      <pubDate>Fri, 18 Jul 2025 00:00:00 +0000</pubDate>
      <guid>http://localhost/sessions/session-0a732304/</guid>
      <description>&lt;h2 id=&#34;會議資訊&#34;&gt;會議資訊&lt;/h2&gt;&#xA;&lt;ul&gt;&#xA;&lt;li&gt;&lt;strong&gt;研討會：&lt;/strong&gt; 202506 AICon Beijing&lt;/li&gt;&#xA;&lt;li&gt;&lt;strong&gt;類型：&lt;/strong&gt; 主題演講&lt;/li&gt;&#xA;&lt;li&gt;&lt;strong&gt;來源：&lt;/strong&gt; &lt;a href=&#34;https://aicon.infoq.cn/2025/beijing/presentation/6531&#34;&gt;https://aicon.infoq.cn/2025/beijing/presentation/6531&lt;/a&gt;&lt;/li&gt;&#xA;&lt;/ul&gt;&#xA;&lt;hr&gt;&#xA;&lt;h2 id=&#34;報告內容&#34;&gt;報告內容&lt;/h2&gt;&#xA;&lt;h2 id=&#34;訓練推論代理ai原生世界中超越應用程式的發展綜合分析報告&#34;&gt;「訓練、推論、代理：AI原生世界中超越應用程式的發展」綜合分析報告&lt;/h2&gt;&#xA;&lt;h3 id=&#34;報告概要&#34;&gt;報告概要&lt;/h3&gt;&#xA;&lt;p&gt;本報告旨在深入分析Mark Collier先生在「202506 AICon Beijing」主題演講《Training, Inference, Agents: Beyond Apps in the AI-Native World》的PPT內容。本次演講聚焦於在「AI原生」（AI-Native）新時代下，人工智能發展的三大核心支柱：訓練（Training）、推論（Inference）和代理（Agents）。報告將從會議概述、技術要點、商業價值、創新亮點以及趨勢洞察等多個維度，為讀者呈現一份全面而深入的分析，旨在闡明開源、基礎設施與社群在AI未來發展中的關鍵作用。&lt;/p&gt;</description>
    </item>
    <item>
      <title>一年上线超 10 款产品，AI 时代如何做独立开发</title>
      <link>http://localhost/sessions/session-188a161a/</link>
      <pubDate>Fri, 18 Jul 2025 00:00:00 +0000</pubDate>
      <guid>http://localhost/sessions/session-188a161a/</guid>
      <description>&lt;h2 id=&#34;會議資訊&#34;&gt;會議資訊&lt;/h2&gt;&#xA;&lt;ul&gt;&#xA;&lt;li&gt;&lt;strong&gt;研討會：&lt;/strong&gt; 202506 AICon Beijing&lt;/li&gt;&#xA;&lt;li&gt;&lt;strong&gt;類型：&lt;/strong&gt; 主題演講&lt;/li&gt;&#xA;&lt;li&gt;&lt;strong&gt;來源：&lt;/strong&gt; &lt;a href=&#34;https://aicon.infoq.cn/2025/beijing/presentation/6442&#34;&gt;https://aicon.infoq.cn/2025/beijing/presentation/6442&lt;/a&gt;&lt;/li&gt;&#xA;&lt;/ul&gt;&#xA;&lt;hr&gt;&#xA;&lt;h2 id=&#34;報告內容&#34;&gt;報告內容&lt;/h2&gt;&#xA;&lt;h2 id=&#34;aicon-beijing-202506-主題演講ai-時代如何做獨立開發綜合分析報告&#34;&gt;AiCon Beijing 202506 主題演講：《AI 時代如何做獨立開發》綜合分析報告&lt;/h2&gt;&#xA;&lt;h3 id=&#34;報告概述&#34;&gt;報告概述&lt;/h3&gt;&#xA;&lt;p&gt;本報告旨在深入分析獨立開發者艾逗筆 (@idoubi) 在 2025 年 AiCon 全球人工智能開發與應用大會上發表的題為《AI 時代如何做獨立開發》的主題演講。演講者透過分享其在 AI 時代一年半內上線超過 10 款 AI 產品的實戰經驗，為廣大開發者和創業者提供了在快速變革的 AI 領域中進行獨立開發的實用策略、技術選型、商業洞察及未來方向。本報告將從會議概述、技術要點、商業價值、創新亮點及趨勢洞察五個維度進行全面而深入的剖析。&lt;/p&gt;</description>
    </item>
    <item>
      <title>京东零售大模型推理优化实践</title>
      <link>http://localhost/sessions/session-e9c5f110/</link>
      <pubDate>Fri, 18 Jul 2025 00:00:00 +0000</pubDate>
      <guid>http://localhost/sessions/session-e9c5f110/</guid>
      <description>&lt;h2 id=&#34;會議資訊&#34;&gt;會議資訊&lt;/h2&gt;&#xA;&lt;ul&gt;&#xA;&lt;li&gt;&lt;strong&gt;研討會：&lt;/strong&gt; 202506 AICon Beijing&lt;/li&gt;&#xA;&lt;li&gt;&lt;strong&gt;類型：&lt;/strong&gt; 主題演講&lt;/li&gt;&#xA;&lt;li&gt;&lt;strong&gt;來源：&lt;/strong&gt; &lt;a href=&#34;https://aicon.infoq.cn/2025/beijing/presentation/6530&#34;&gt;https://aicon.infoq.cn/2025/beijing/presentation/6530&lt;/a&gt;&lt;/li&gt;&#xA;&lt;/ul&gt;&#xA;&lt;hr&gt;&#xA;&lt;h2 id=&#34;報告內容&#34;&gt;報告內容&lt;/h2&gt;&#xA;&lt;p&gt;好的，這是一份根據您提供的京東零售大模型推理優化實踐 PPT 內容，生成的全方位綜合分析報告。&lt;/p&gt;&#xA;&lt;hr&gt;&#xA;&lt;h2 id=&#34;京東零售大模型推理優化實踐aicon-2025-全方位綜合分析報告&#34;&gt;京東零售大模型推理優化實踐：AICon 2025 全方位綜合分析報告&lt;/h2&gt;&#xA;&lt;h3 id=&#34;報告摘要&#34;&gt;報告摘要&lt;/h3&gt;&#xA;&lt;p&gt;本報告基於京東零售於 AiCon Beijing 2025 全球人工智能開發與應用大會上發表的「京東零售大模型推理優化實踐」主題演講內容，深入剖析了京東在大模型推理領域的先進技術、商業應用與未來戰略。京東作為電商巨頭，在大模型時代面臨著極致性能與成本效率的雙重挑戰。本次演講詳盡展示了其在系統架構、模型層面、硬體協同等多維度進行的創新優化，不僅在技術上取得突破，更在業務應用中實現了顯著的效益提升，為大模型在複雜零售場景中的大規模落地提供了寶貴經驗。&lt;/p&gt;</description>
    </item>
    <item>
      <title>人机协同新范式：AI&#43;AR 空间计算的落地路径</title>
      <link>http://localhost/sessions/session-dfa27999/</link>
      <pubDate>Fri, 18 Jul 2025 00:00:00 +0000</pubDate>
      <guid>http://localhost/sessions/session-dfa27999/</guid>
      <description>&lt;h2 id=&#34;會議資訊&#34;&gt;會議資訊&lt;/h2&gt;&#xA;&lt;ul&gt;&#xA;&lt;li&gt;&lt;strong&gt;研討會：&lt;/strong&gt; 202506 AICon Beijing&lt;/li&gt;&#xA;&lt;li&gt;&lt;strong&gt;類型：&lt;/strong&gt; 主題演講&lt;/li&gt;&#xA;&lt;li&gt;&lt;strong&gt;來源：&lt;/strong&gt; &lt;a href=&#34;https://aicon.infoq.cn/2025/beijing/presentation/6526&#34;&gt;https://aicon.infoq.cn/2025/beijing/presentation/6526&lt;/a&gt;&lt;/li&gt;&#xA;&lt;/ul&gt;&#xA;&lt;hr&gt;&#xA;&lt;h2 id=&#34;報告內容&#34;&gt;報告內容&lt;/h2&gt;&#xA;&lt;h2 id=&#34;rokid-2025-aicon-北京主題演講人機協同新範式aiar-空間計算的落地路徑-全方位綜合分析報告&#34;&gt;Rokid 2025 AICon 北京主題演講：人機協同新範式：AI+AR 空間計算的落地路徑 全方位綜合分析報告&lt;/h2&gt;&#xA;&lt;h3 id=&#34;報告概述&#34;&gt;報告概述&lt;/h3&gt;&#xA;&lt;p&gt;本報告旨在深入分析 Rokid 公司在 2025 AICon 北京大會上題為「人機協同新範式：AI+AR 空間計算的落地路徑」的主題演講。透過對簡報內容的解讀，本報告將從會議核心、技術細節、商業價值、創新亮點及未來趨勢等多個維度，為各類讀者提供一份全面而深入的綜合分析。&lt;/p&gt;</description>
    </item>
    <item>
      <title>从Copilot到Agent：AI编程的范式革新</title>
      <link>http://localhost/sessions/session-5ca8220f/</link>
      <pubDate>Fri, 18 Jul 2025 00:00:00 +0000</pubDate>
      <guid>http://localhost/sessions/session-5ca8220f/</guid>
      <description>&lt;h2 id=&#34;會議資訊&#34;&gt;會議資訊&lt;/h2&gt;&#xA;&lt;ul&gt;&#xA;&lt;li&gt;&lt;strong&gt;研討會：&lt;/strong&gt; 202506 AICon Beijing&lt;/li&gt;&#xA;&lt;li&gt;&lt;strong&gt;類型：&lt;/strong&gt; 主題演講&lt;/li&gt;&#xA;&lt;li&gt;&lt;strong&gt;來源：&lt;/strong&gt; &lt;a href=&#34;https://aicon.infoq.cn/2025/beijing/presentation/6514&#34;&gt;https://aicon.infoq.cn/2025/beijing/presentation/6514&lt;/a&gt;&lt;/li&gt;&#xA;&lt;/ul&gt;&#xA;&lt;hr&gt;&#xA;&lt;h2 id=&#34;報告內容&#34;&gt;報告內容&lt;/h2&gt;&#xA;&lt;p&gt;好的，這是一份根據您提供的 PPT 內容，生成的全面、深入且適合各類讀者的綜合分析報告。&lt;/p&gt;&#xA;&lt;hr&gt;&#xA;&lt;h2 id=&#34;綜合分析報告從-copilot-到-agent--ai-程式設計的範式革新&#34;&gt;綜合分析報告：從 Copilot 到 Agent — AI 程式設計的範式革新&lt;/h2&gt;&#xA;&lt;p&gt;&lt;strong&gt;會議標題：&lt;/strong&gt; 從 Copilot 到 Agent：AI 程式設計的範式革新&#xA;&lt;strong&gt;演講者：&lt;/strong&gt; 丁宇 (叔同)，阿里巴巴雲智能研發副總裁&#xA;&lt;strong&gt;研討會：&lt;/strong&gt; 202506 AiCon Beijing (全球人工智能開發與應用大會)&#xA;&lt;strong&gt;報告日期：&lt;/strong&gt; 2024年5月22日&lt;/p&gt;</description>
    </item>
    <item>
      <title>加速 AI 推理与检索生成：在 PB 级数据湖上实现 Parquet 查询 1000 倍性能提升</title>
      <link>http://localhost/sessions/session-49b991f1/</link>
      <pubDate>Fri, 18 Jul 2025 00:00:00 +0000</pubDate>
      <guid>http://localhost/sessions/session-49b991f1/</guid>
      <description>&lt;h2 id=&#34;會議資訊&#34;&gt;會議資訊&lt;/h2&gt;&#xA;&lt;ul&gt;&#xA;&lt;li&gt;&lt;strong&gt;研討會：&lt;/strong&gt; 202506 AICon Beijing&lt;/li&gt;&#xA;&lt;li&gt;&lt;strong&gt;類型：&lt;/strong&gt; 主題演講&lt;/li&gt;&#xA;&lt;li&gt;&lt;strong&gt;來源：&lt;/strong&gt; &lt;a href=&#34;https://aicon.infoq.cn/2025/beijing/presentation/6508&#34;&gt;https://aicon.infoq.cn/2025/beijing/presentation/6508&lt;/a&gt;&lt;/li&gt;&#xA;&lt;/ul&gt;&#xA;&lt;hr&gt;&#xA;&lt;h2 id=&#34;報告內容&#34;&gt;報告內容&lt;/h2&gt;&#xA;&lt;p&gt;好的，這是一份根據您提供的 Alluxio 會議 PPT 內容生成的全方位綜合分析報告，旨在為各類讀者提供技術、商業和趨勢的深度洞察。&lt;/p&gt;</description>
    </item>
    <item>
      <title>大模型助力软件研发人机协同进化实践</title>
      <link>http://localhost/sessions/session-8fb4068a/</link>
      <pubDate>Fri, 18 Jul 2025 00:00:00 +0000</pubDate>
      <guid>http://localhost/sessions/session-8fb4068a/</guid>
      <description>&lt;h2 id=&#34;會議資訊&#34;&gt;會議資訊&lt;/h2&gt;&#xA;&lt;ul&gt;&#xA;&lt;li&gt;&lt;strong&gt;研討會：&lt;/strong&gt; 202506 AICon Beijing&lt;/li&gt;&#xA;&lt;li&gt;&lt;strong&gt;類型：&lt;/strong&gt; 主題演講&lt;/li&gt;&#xA;&lt;li&gt;&lt;strong&gt;來源：&lt;/strong&gt; &lt;a href=&#34;https://aicon.infoq.cn/2025/beijing/presentation/6445&#34;&gt;https://aicon.infoq.cn/2025/beijing/presentation/6445&lt;/a&gt;&lt;/li&gt;&#xA;&lt;/ul&gt;&#xA;&lt;hr&gt;&#xA;&lt;h2 id=&#34;報告內容&#34;&gt;報告內容&lt;/h2&gt;&#xA;&lt;h2 id=&#34;大模型助力軟件研發人機協同進化實踐一份綜合分析報告&#34;&gt;大模型助力軟件研發人機協同進化實踐：一份綜合分析報告&lt;/h2&gt;&#xA;&lt;h3 id=&#34;引言&#34;&gt;引言&lt;/h3&gt;&#xA;&lt;p&gt;本報告基於百度工程效能研發工具負責人車婷婷在「202506 AICon Beijing」全球人工智能開發與應用大會上的主題演講《大模型助力軟件研發人機協同進化實踐》的PPT內容，旨在提供一份全方位、多維度的綜合分析。報告將深入剖析大模型如何重塑軟件研發流程，實現人機協同的「進化」，並探討其技術核心、商業價值、創新亮點、以及對未來行業發展的深遠影響。本報告力求在技術深度與商業洞察之間取得平衡，以適應廣泛讀者的需求。&lt;/p&gt;</description>
    </item>
    <item>
      <title>大模型调优数据的高效构建与进化方法</title>
      <link>http://localhost/sessions/session-0c9753a1/</link>
      <pubDate>Fri, 18 Jul 2025 00:00:00 +0000</pubDate>
      <guid>http://localhost/sessions/session-0c9753a1/</guid>
      <description>&lt;h2 id=&#34;會議資訊&#34;&gt;會議資訊&lt;/h2&gt;&#xA;&lt;ul&gt;&#xA;&lt;li&gt;&lt;strong&gt;研討會：&lt;/strong&gt; 202506 AICon Beijing&lt;/li&gt;&#xA;&lt;li&gt;&lt;strong&gt;類型：&lt;/strong&gt; 主題演講&lt;/li&gt;&#xA;&lt;li&gt;&lt;strong&gt;來源：&lt;/strong&gt; &lt;a href=&#34;https://aicon.infoq.cn/2025/beijing/presentation/6484&#34;&gt;https://aicon.infoq.cn/2025/beijing/presentation/6484&lt;/a&gt;&lt;/li&gt;&#xA;&lt;/ul&gt;&#xA;&lt;hr&gt;&#xA;&lt;h2 id=&#34;報告內容&#34;&gt;報告內容&lt;/h2&gt;&#xA;&lt;p&gt;好的，這是一份根據您提供的 PPT 內容，生成的大模型調優數據高效構建與進化方法的綜合分析報告。&lt;/p&gt;&#xA;&lt;hr&gt;&#xA;&lt;h2 id=&#34;綜合分析報告大模型調優數據的高效構建與進化方法&#34;&gt;綜合分析報告：大模型調優數據的高效構建與進化方法&lt;/h2&gt;&#xA;&lt;p&gt;&lt;strong&gt;會議主題：&lt;/strong&gt; 大模型調優數據的高效構建與進化方法&#xA;&lt;strong&gt;演講嘉賓：&lt;/strong&gt; 單海軍 博士，中電金信數字科技集團副院長，AI 領域負責人&#xA;&lt;strong&gt;會議名稱：&lt;/strong&gt; AiCon 全球人工智能開發與應用大會 (202506 AICon Beijing)&#xA;&lt;strong&gt;報告日期：&lt;/strong&gt; 2025 年 6 月（基於會議時間假設）&lt;/p&gt;</description>
    </item>
    <item>
      <title>开场致辞</title>
      <link>http://localhost/sessions/session-162e4b8a/</link>
      <pubDate>Fri, 18 Jul 2025 00:00:00 +0000</pubDate>
      <guid>http://localhost/sessions/session-162e4b8a/</guid>
      <description>&lt;h2 id=&#34;會議資訊&#34;&gt;會議資訊&lt;/h2&gt;&#xA;&lt;ul&gt;&#xA;&lt;li&gt;&lt;strong&gt;研討會：&lt;/strong&gt; 202506 AICon Beijing&lt;/li&gt;&#xA;&lt;li&gt;&lt;strong&gt;類型：&lt;/strong&gt; 主題演講&lt;/li&gt;&#xA;&lt;li&gt;&lt;strong&gt;來源：&lt;/strong&gt; &lt;a href=&#34;https://aicon.infoq.cn/2025/beijing/presentation/6584&#34;&gt;https://aicon.infoq.cn/2025/beijing/presentation/6584&lt;/a&gt;&lt;/li&gt;&#xA;&lt;/ul&gt;&#xA;&lt;hr&gt;&#xA;&lt;h2 id=&#34;報告內容&#34;&gt;報告內容&lt;/h2&gt;&#xA;&lt;h2 id=&#34;202506-aicon-beijing-主題演講ai-應用落地進行時綜合分析報告&#34;&gt;202506 AICon Beijing 主題演講《AI 應用落地進行時》綜合分析報告&lt;/h2&gt;&#xA;&lt;h3 id=&#34;報告摘要&#34;&gt;報告摘要&lt;/h3&gt;&#xA;&lt;p&gt;本次 AICon 北京研討會的主題演講《AI 應用落地進行時》，由極客邦科技創始人兼CEO霍太穩先生主講，深入剖析了當前 AI 技術，特別是大模型，從概念探索走向實際應用和商業價值實現的關鍵階段。演講圍繞 AI 市場演變、C 端及 B 端應用現狀、AI Agent 發展、全球化出海策略、以及極客邦科技在人才培養與生態建設方面的實踐，為與會者描繪了一幅 AI 產業全景圖。報告將從會議概述、技術要點、商業價值、創新亮點和趨勢洞察五個方面進行全面解析。&lt;/p&gt;</description>
    </item>
    <item>
      <title>当产品经理开始AI编程，如何构建程序员与产品经理的协作新范式</title>
      <link>http://localhost/sessions/session-e79727c0/</link>
      <pubDate>Fri, 18 Jul 2025 00:00:00 +0000</pubDate>
      <guid>http://localhost/sessions/session-e79727c0/</guid>
      <description>&lt;h2 id=&#34;會議資訊&#34;&gt;會議資訊&lt;/h2&gt;&#xA;&lt;ul&gt;&#xA;&lt;li&gt;&lt;strong&gt;研討會：&lt;/strong&gt; 202506 AICon Beijing&lt;/li&gt;&#xA;&lt;li&gt;&lt;strong&gt;類型：&lt;/strong&gt; 主題演講&lt;/li&gt;&#xA;&lt;li&gt;&lt;strong&gt;來源：&lt;/strong&gt; &lt;a href=&#34;https://aicon.infoq.cn/2025/beijing/presentation/6501&#34;&gt;https://aicon.infoq.cn/2025/beijing/presentation/6501&lt;/a&gt;&lt;/li&gt;&#xA;&lt;/ul&gt;&#xA;&lt;hr&gt;&#xA;&lt;h2 id=&#34;報告內容&#34;&gt;報告內容&lt;/h2&gt;&#xA;&lt;h2 id=&#34;當產品經理開始ai程式設計構建協作新範式aicon-beijing-2025-主題演講綜合分析報告&#34;&gt;當產品經理開始AI程式設計：構建協作新範式——AICon Beijing 2025 主題演講綜合分析報告&lt;/h2&gt;&#xA;&lt;h3 id=&#34;報告概述&#34;&gt;報告概述&lt;/h3&gt;&#xA;&lt;p&gt;本報告旨在對何少甫先生（AI師傅聯合創始人 &amp;amp; 首席產品官）在AiCon Beijing 2025全球人工智慧開發與應用大會上的主題演講《當產品經理開始AI程式設計，如何建構程式設計師與產品經理的協作新範式》進行全面深入的分析。演講精闢地闡述了AI技術如何重塑軟體開發的協作模式，特別是產品經理與程式設計師之間的角色定位與職能邊界。本報告將從會議概述與核心內容、技術要點與實現細節、商業價值與應用場景、創新亮點與技術突破，以及趨勢洞察與未來展望五個面向，為讀者提供一份全面且專業的綜合分析。&lt;/p&gt;</description>
    </item>
    <item>
      <title>构建面向大模型的安全治理体系和应用实践</title>
      <link>http://localhost/sessions/session-0e587e62/</link>
      <pubDate>Fri, 18 Jul 2025 00:00:00 +0000</pubDate>
      <guid>http://localhost/sessions/session-0e587e62/</guid>
      <description>&lt;h2 id=&#34;會議資訊&#34;&gt;會議資訊&lt;/h2&gt;&#xA;&lt;ul&gt;&#xA;&lt;li&gt;&lt;strong&gt;研討會：&lt;/strong&gt; 202506 AICon Beijing&lt;/li&gt;&#xA;&lt;li&gt;&lt;strong&gt;類型：&lt;/strong&gt; 主題演講&lt;/li&gt;&#xA;&lt;li&gt;&lt;strong&gt;來源：&lt;/strong&gt; &lt;a href=&#34;https://aicon.infoq.cn/2025/beijing/presentation/6596&#34;&gt;https://aicon.infoq.cn/2025/beijing/presentation/6596&lt;/a&gt;&lt;/li&gt;&#xA;&lt;/ul&gt;&#xA;&lt;hr&gt;&#xA;&lt;h2 id=&#34;報告內容&#34;&gt;報告內容&lt;/h2&gt;&#xA;&lt;p&gt;這是一份根據作業幫在「202506 AICon Beijing」研討會上關於「構建面向大模型的安全治理體系和應用實踐」主題演講的PPT內容所生成的綜合分析報告。&lt;/p&gt;</description>
    </item>
    <item>
      <title>深入对比智能体协议：MCP、A2A、ANP</title>
      <link>http://localhost/sessions/session-972e13af/</link>
      <pubDate>Fri, 18 Jul 2025 00:00:00 +0000</pubDate>
      <guid>http://localhost/sessions/session-972e13af/</guid>
      <description>&lt;h2 id=&#34;會議資訊&#34;&gt;會議資訊&lt;/h2&gt;&#xA;&lt;ul&gt;&#xA;&lt;li&gt;&lt;strong&gt;研討會：&lt;/strong&gt; 202506 AICon Beijing&lt;/li&gt;&#xA;&lt;li&gt;&lt;strong&gt;類型：&lt;/strong&gt; 主題演講&lt;/li&gt;&#xA;&lt;li&gt;&lt;strong&gt;來源：&lt;/strong&gt; &lt;a href=&#34;https://aicon.infoq.cn/2025/beijing/presentation/6504&#34;&gt;https://aicon.infoq.cn/2025/beijing/presentation/6504&lt;/a&gt;&lt;/li&gt;&#xA;&lt;/ul&gt;&#xA;&lt;hr&gt;&#xA;&lt;h2 id=&#34;報告內容&#34;&gt;報告內容&lt;/h2&gt;&#xA;&lt;h2 id=&#34;智能體協議深度分析報告邁向智能體互聯網的基石&#34;&gt;智能體協議深度分析報告：邁向智能體互聯網的基石&lt;/h2&gt;&#xA;&lt;h3 id=&#34;會議概覽&#34;&gt;會議概覽&lt;/h3&gt;&#xA;&lt;p&gt;本報告基於2025年6月在北京AICon研討會上，由ANP開源技術社區發起人暨W3C AI Agent Protocol社區組聯合主席常高偉先生發表的主題演講《深入對比MCP、A2A、ANP協議：智能體互聯網的黎明之前》的PPT內容，進行了全面而深入的分析。此次演講的核心旨在探討智能體互聯網（Agent Internet / Agentic Web）時代對底層通訊協議的迫切需求，並詳細比較了當前三種關鍵協議：模型上下文協議（MCP）、智能體對智能體協議（A2A），以及智能體網絡協議（ANP），展望了智能體驅動的未來數字生態。&lt;/p&gt;</description>
    </item>
    <item>
      <title>深思考端侧多模态大模型TinyDongni&amp;Deepseek的创新实践</title>
      <link>http://localhost/sessions/session-06738cfc/</link>
      <pubDate>Fri, 18 Jul 2025 00:00:00 +0000</pubDate>
      <guid>http://localhost/sessions/session-06738cfc/</guid>
      <description>&lt;h2 id=&#34;會議資訊&#34;&gt;會議資訊&lt;/h2&gt;&#xA;&lt;ul&gt;&#xA;&lt;li&gt;&lt;strong&gt;研討會：&lt;/strong&gt; 202506 AICon Beijing&lt;/li&gt;&#xA;&lt;li&gt;&lt;strong&gt;類型：&lt;/strong&gt; 主題演講&lt;/li&gt;&#xA;&lt;li&gt;&lt;strong&gt;來源：&lt;/strong&gt; &lt;a href=&#34;https://aicon.infoq.cn/2025/beijing/presentation/6529&#34;&gt;https://aicon.infoq.cn/2025/beijing/presentation/6529&lt;/a&gt;&lt;/li&gt;&#xA;&lt;/ul&gt;&#xA;&lt;hr&gt;&#xA;&lt;h2 id=&#34;報告內容&#34;&gt;報告內容&lt;/h2&gt;&#xA;&lt;p&gt;好的，這是一份根據您提供的PPT內容，針對「深思考端側多模態大模型TinyDongni&amp;amp;Deepseek的創新實踐」研討會的主題演講，所生成的全方位綜合分析報告。&lt;/p&gt;</description>
    </item>
    <item>
      <title>能源行业基于大模型的数据治理和人工智能应用实践</title>
      <link>http://localhost/sessions/session-af38178a/</link>
      <pubDate>Fri, 18 Jul 2025 00:00:00 +0000</pubDate>
      <guid>http://localhost/sessions/session-af38178a/</guid>
      <description>&lt;h2 id=&#34;會議資訊&#34;&gt;會議資訊&lt;/h2&gt;&#xA;&lt;ul&gt;&#xA;&lt;li&gt;&lt;strong&gt;研討會：&lt;/strong&gt; 202506 AICon Beijing&lt;/li&gt;&#xA;&lt;li&gt;&lt;strong&gt;類型：&lt;/strong&gt; 主題演講&lt;/li&gt;&#xA;&lt;li&gt;&lt;strong&gt;來源：&lt;/strong&gt; &lt;a href=&#34;https://aicon.infoq.cn/2025/beijing/presentation/6593&#34;&gt;https://aicon.infoq.cn/2025/beijing/presentation/6593&lt;/a&gt;&lt;/li&gt;&#xA;&lt;/ul&gt;&#xA;&lt;hr&gt;&#xA;&lt;h2 id=&#34;報告內容&#34;&gt;報告內容&lt;/h2&gt;&#xA;&lt;h2 id=&#34;能源行業基於大模型的數據治理和人工智能應用實踐雲鼎科技-aicon-beijing-2025-主題演講綜合分析報告&#34;&gt;能源行業基於大模型的數據治理和人工智能應用實踐——雲鼎科技 AICon Beijing 2025 主題演講綜合分析報告&lt;/h2&gt;&#xA;&lt;p&gt;本報告旨在深入剖析雲鼎科技在 2025 年 AICon Beijing 研討會上關於「能源行業基於大模型的數據治理和人工智能應用實踐」主題演講的 PPT 內容。報告將從會議概述、技術要點、商業價值、創新亮點及趨勢洞察等多維度進行全面分析，以期為不同背景的讀者提供專業且具深度的見解。&lt;/p&gt;</description>
    </item>
    <item>
      <title>让 Agent 进化 Agent：企业自动化的新范式构想</title>
      <link>http://localhost/sessions/session-b2e89c81/</link>
      <pubDate>Fri, 18 Jul 2025 00:00:00 +0000</pubDate>
      <guid>http://localhost/sessions/session-b2e89c81/</guid>
      <description>&lt;h2 id=&#34;會議資訊&#34;&gt;會議資訊&lt;/h2&gt;&#xA;&lt;ul&gt;&#xA;&lt;li&gt;&lt;strong&gt;研討會：&lt;/strong&gt; 202506 AICon Beijing&lt;/li&gt;&#xA;&lt;li&gt;&lt;strong&gt;類型：&lt;/strong&gt; 主題演講&lt;/li&gt;&#xA;&lt;li&gt;&lt;strong&gt;來源：&lt;/strong&gt; &lt;a href=&#34;https://aicon.infoq.cn/2025/beijing/presentation/6450&#34;&gt;https://aicon.infoq.cn/2025/beijing/presentation/6450&lt;/a&gt;&lt;/li&gt;&#xA;&lt;/ul&gt;&#xA;&lt;hr&gt;&#xA;&lt;h2 id=&#34;報告內容&#34;&gt;報告內容&lt;/h2&gt;&#xA;&lt;h2 id=&#34;企業自動化新範式agent-工廠的深度解析報告&#34;&gt;企業自動化新範式：『Agent 工廠』的深度解析報告&lt;/h2&gt;&#xA;&lt;h3 id=&#34;引言&#34;&gt;引言&lt;/h3&gt;&#xA;&lt;p&gt;本報告基於句子互動聯合創始人兼 CTO 高原先生於 2025 年 6 月在 AICon Beijing 全球人工智能開發與應用大會上的主題演講《讓 Agent 進化 Agent：企業自動化的新範式構想》的 PPT 內容，旨在為各類讀者提供一份全面、深入的綜合分析。報告將從會議概述、技術要點、商業價值、創新亮點及趨勢洞察等五個核心方向，剖析這一開創性的「Agent 工廠」概念如何應對當前企業級智能體（Agent）落地挑戰，並展望其對未來企業自動化的深遠影響。&lt;/p&gt;</description>
    </item>
    <item>
      <title>货拉拉大数据存储实践与 AI 时代的应对</title>
      <link>http://localhost/sessions/session-f9c0d626/</link>
      <pubDate>Fri, 18 Jul 2025 00:00:00 +0000</pubDate>
      <guid>http://localhost/sessions/session-f9c0d626/</guid>
      <description>&lt;h2 id=&#34;會議資訊&#34;&gt;會議資訊&lt;/h2&gt;&#xA;&lt;ul&gt;&#xA;&lt;li&gt;&lt;strong&gt;研討會：&lt;/strong&gt; 202506 AICon Beijing&lt;/li&gt;&#xA;&lt;li&gt;&lt;strong&gt;類型：&lt;/strong&gt; 主題演講&lt;/li&gt;&#xA;&lt;li&gt;&lt;strong&gt;來源：&lt;/strong&gt; &lt;a href=&#34;https://aicon.infoq.cn/2025/beijing/presentation/6595&#34;&gt;https://aicon.infoq.cn/2025/beijing/presentation/6595&lt;/a&gt;&lt;/li&gt;&#xA;&lt;/ul&gt;&#xA;&lt;hr&gt;&#xA;&lt;h2 id=&#34;報告內容&#34;&gt;報告內容&lt;/h2&gt;&#xA;&lt;p&gt;好的，這是一份根據貨拉拉（Lalamove）於AICon Beijing 202506 發表的《貨拉拉大數據儲存實踐與AI時代的應對》主題演講PPT內容，所生成的全方位綜合分析報告。&lt;/p&gt;</description>
    </item>
  </channel>
</rss>
