<?xml version="1.0" encoding="utf-8" standalone="yes"?>
<rss version="2.0" xmlns:atom="http://www.w3.org/2005/Atom">
  <channel>
    <title>202506 AICon Beijing on NeoTrendHub 會議報告</title>
    <link>http://localhost/seminars/202506-aicon-beijing/</link>
    <description>Recent content in 202506 AICon Beijing on NeoTrendHub 會議報告</description>
    <generator>Hugo</generator>
    <language>zh-tw</language>
    <lastBuildDate>Fri, 18 Jul 2025 00:00:00 +0000</lastBuildDate>
    <atom:link href="http://localhost/seminars/202506-aicon-beijing/index.xml" rel="self" type="application/rss+xml" />
    <item>
      <title>研討會總覽</title>
      <link>http://localhost/sessions/</link>
      <pubDate>Fri, 18 Jul 2025 00:00:00 +0000</pubDate>
      <guid>http://localhost/sessions/</guid>
      <description>&lt;h1 id=&#34;研討會總覽&#34;&gt;研討會總覽&lt;/h1&gt;&#xA;&lt;p&gt;本系統共收錄了 &lt;strong&gt;30&lt;/strong&gt; 場會議，涵蓋 &lt;strong&gt;1&lt;/strong&gt; 個研討會。&lt;/p&gt;&#xA;&lt;h2 id=&#34;研討會列表&#34;&gt;研討會列表&lt;/h2&gt;&#xA;&lt;h3 id=&#34;202506-aicon-beijing&#34;&gt;202506 AICon Beijing&lt;/h3&gt;&#xA;&lt;p&gt;共 30 場會議&lt;/p&gt;&#xA;&lt;ul&gt;&#xA;&lt;li&gt;&lt;a href=&#34;../sessions/766c6ee4-f776-4147-93c9-1257c7d9ac16_ai-agent-%E5%A6%82%E4%BD%95%E9%87%8D%E5%A1%91%E6%9C%89%E5%A3%B0%E5%86%85%E5%AE%B9%E7%9A%84%E7%94%9F%E4%BA%A7%E4%B8%8E%E5%88%86%E5%8F%91.md&#34;&gt;AI Agent 如何重塑有声内容的生产与分发&lt;/a&gt;&lt;/li&gt;&#xA;&lt;li&gt;&lt;a href=&#34;../sessions/8ab99e20-b987-4746-9b99-fd87b472994b_ai-agentiot%E6%8A%80%E6%9C%AF%E6%96%B9%E6%A1%88%E6%96%B0%E5%9C%BA%E6%99%AF%E5%88%9B%E6%96%B0%E5%BA%94%E7%94%A8.md&#34;&gt;AI Agent+IoT技术方案新场景创新应用&lt;/a&gt;&lt;/li&gt;&#xA;&lt;li&gt;&lt;a href=&#34;../sessions/f48d2c98-796a-4718-9c29-a581be823a14_ai%E8%B5%8B%E8%83%BDebay%E6%94%AF%E4%BB%98%E9%A3%8E%E6%8E%A7%E4%BB%8E%E7%94%A8%E6%88%B7%E8%A1%8C%E4%B8%BA%E5%88%B0%E4%BA%A4%E6%98%93%E5%AE%89%E5%85%A8%E7%9A%84%E5%85%A8%E9%9D%A2%E6%99%BA%E8%83%BD%E5%8C%96.md&#34;&gt;AI赋能eBay支付风控：从用户行为到交易安全的全面智能化&lt;/a&gt;&lt;/li&gt;&#xA;&lt;li&gt;&lt;a href=&#34;../sessions/111579d4-80c4-4348-a24f-51c6d6a8559f_cangjiemagic%E5%9F%BA%E4%BA%8E%E4%BB%93%E9%A2%89%E8%AF%AD%E8%A8%80%E7%9A%84agent%E5%BC%80%E5%8F%91%E6%A1%86%E6%9E%B6%E5%AE%9E%E8%B7%B5.md&#34;&gt;CangjieMagic：基于仓颉语言的Agent开发框架实践&lt;/a&gt;&lt;/li&gt;&#xA;&lt;li&gt;&lt;a href=&#34;../sessions/12d77a9f-8044-4808-8f3e-36f0323abd20_coding-agent-%E9%A9%B1%E5%8A%A8%E7%A0%94%E5%8F%91%E6%8F%90%E6%95%88%E4%BB%8E%E5%AE%9E%E8%B7%B5%E5%88%B0%E6%B5%81%E7%A8%8B%E6%94%B9%E8%BF%9B.md&#34;&gt;Coding Agent 驱动研发提效：从实践到流程改进&lt;/a&gt;&lt;/li&gt;&#xA;&lt;li&gt;&lt;a href=&#34;../sessions/6db34cc7-59de-4947-abb6-5437e8fe205c_dlrover%E5%9C%A8%E4%B8%87%E5%8D%A1%E8%A7%84%E6%A8%A1%E5%A4%A7%E6%A8%A1%E5%9E%8B%E8%AE%AD%E7%BB%83%E4%B8%AD%E7%9A%84%E7%A8%B3%E5%AE%9A%E6%80%A7%E5%AE%9E%E8%B7%B5.md&#34;&gt;DLRover在万卡规模大模型训练中的稳定性实践&lt;/a&gt;&lt;/li&gt;&#xA;&lt;li&gt;&lt;a href=&#34;../sessions/688e55cf-8ef8-4b06-8343-8ada032d3b50_dataai-%E4%B8%8B%E4%B8%80%E4%BB%A3%E6%95%B0%E6%99%BA%E5%B9%B3%E5%8F%B0%E5%BB%BA%E8%AE%BE.md&#34;&gt;Data+AI 下一代数智平台建设&lt;/a&gt;&lt;/li&gt;&#xA;&lt;li&gt;&lt;a href=&#34;../sessions/25c654c8-e060-467d-8668-8e908b211888_deepresearch%E5%A6%82%E4%BD%95%E5%9C%A8%E4%BC%81%E4%B8%9A%E5%86%85%E8%90%BD%E5%9C%B0.md&#34;&gt;DeepResearch如何在企业内落地&lt;/a&gt;&lt;/li&gt;&#xA;&lt;li&gt;&lt;a href=&#34;../sessions/f58850fb-aae3-4aaf-9a8f-0bc758b933e7_genai-%E5%BA%94%E7%94%A8%E6%97%B6%E4%BB%A3%E5%BC%80%E5%8F%91%E6%80%9D%E6%83%B3%E5%A6%82%E4%BD%95%E5%8F%98%E9%9D%A9.md&#34;&gt;GenAI 应用时代，开发思想如何变革？&lt;/a&gt;&lt;/li&gt;&#xA;&lt;li&gt;&lt;a href=&#34;../sessions/e53a6872-069f-49fc-821a-43f324666ec0_infinity%E8%A7%86%E8%A7%89%E8%87%AA%E5%9B%9E%E5%BD%92%E7%94%9F%E6%88%90%E6%96%B0%E8%B7%AF%E7%BA%BF.md&#34;&gt;Infinity：视觉自回归生成新路线&lt;/a&gt;&lt;/li&gt;&#xA;&lt;li&gt;&amp;hellip; 還有 20 場會議&lt;/li&gt;&#xA;&lt;/ul&gt;</description>
    </item>
  </channel>
</rss>
