<?xml version="1.0" encoding="utf-8" standalone="yes"?>
<rss version="2.0" xmlns:atom="http://www.w3.org/2005/Atom">
  <channel>
    <title>後端 on NeoTrendHub 會議報告</title>
    <link>http://localhost/tags/%E5%BE%8C%E7%AB%AF/</link>
    <description>Recent content in 後端 on NeoTrendHub 會議報告</description>
    <generator>Hugo</generator>
    <language>zh-tw</language>
    <lastBuildDate>Fri, 18 Jul 2025 00:00:00 +0000</lastBuildDate>
    <atom:link href="http://localhost/tags/%E5%BE%8C%E7%AB%AF/index.xml" rel="self" type="application/rss+xml" />
    <item>
      <title>AI Agent 如何重塑有声内容的生产与分发</title>
      <link>http://localhost/sessions/session-766c6ee4/</link>
      <pubDate>Fri, 18 Jul 2025 00:00:00 +0000</pubDate>
      <guid>http://localhost/sessions/session-766c6ee4/</guid>
      <description>&lt;h2 id=&#34;會議資訊&#34;&gt;會議資訊&lt;/h2&gt;&#xA;&lt;ul&gt;&#xA;&lt;li&gt;&lt;strong&gt;研討會：&lt;/strong&gt; 202506 AICon Beijing&lt;/li&gt;&#xA;&lt;li&gt;&lt;strong&gt;類型：&lt;/strong&gt; 主題演講&lt;/li&gt;&#xA;&lt;li&gt;&lt;strong&gt;來源：&lt;/strong&gt; &lt;a href=&#34;https://aicon.infoq.cn/2025/beijing/presentation/6528&#34;&gt;https://aicon.infoq.cn/2025/beijing/presentation/6528&lt;/a&gt;&lt;/li&gt;&#xA;&lt;/ul&gt;&#xA;&lt;hr&gt;&#xA;&lt;h2 id=&#34;報告內容&#34;&gt;報告內容&lt;/h2&gt;&#xA;&lt;p&gt;好的，這是一份根據您提供的 PPT 內容生成的全方位綜合分析報告，旨在深入剖析 AI Agent 如何重塑有聲內容的生產與分發，適合技術、商業及趨勢洞察者閱讀。&lt;/p&gt;</description>
    </item>
    <item>
      <title>AI Agent&#43;IoT技术方案新场景创新应用</title>
      <link>http://localhost/sessions/session-8ab99e20/</link>
      <pubDate>Fri, 18 Jul 2025 00:00:00 +0000</pubDate>
      <guid>http://localhost/sessions/session-8ab99e20/</guid>
      <description>&lt;h2 id=&#34;會議資訊&#34;&gt;會議資訊&lt;/h2&gt;&#xA;&lt;ul&gt;&#xA;&lt;li&gt;&lt;strong&gt;研討會：&lt;/strong&gt; 202506 AICon Beijing&lt;/li&gt;&#xA;&lt;li&gt;&lt;strong&gt;類型：&lt;/strong&gt; 主題演講&lt;/li&gt;&#xA;&lt;li&gt;&lt;strong&gt;來源：&lt;/strong&gt; &lt;a href=&#34;https://aicon.infoq.cn/2025/beijing/presentation/6581&#34;&gt;https://aicon.infoq.cn/2025/beijing/presentation/6581&lt;/a&gt;&lt;/li&gt;&#xA;&lt;/ul&gt;&#xA;&lt;hr&gt;&#xA;&lt;h2 id=&#34;報告內容&#34;&gt;報告內容&lt;/h2&gt;&#xA;&lt;p&gt;好的，這是一份根據您提供的會議 PPT 內容生成的全面綜合分析報告，旨在為各類讀者提供技術、商業和趨勢的深度洞察。&lt;/p&gt;</description>
    </item>
    <item>
      <title>Coding Agent 驱动研发提效：从实践到流程改进</title>
      <link>http://localhost/sessions/session-12d77a9f/</link>
      <pubDate>Fri, 18 Jul 2025 00:00:00 +0000</pubDate>
      <guid>http://localhost/sessions/session-12d77a9f/</guid>
      <description>&lt;h2 id=&#34;會議資訊&#34;&gt;會議資訊&lt;/h2&gt;&#xA;&lt;ul&gt;&#xA;&lt;li&gt;&lt;strong&gt;研討會：&lt;/strong&gt; 202506 AICon Beijing&lt;/li&gt;&#xA;&lt;li&gt;&lt;strong&gt;類型：&lt;/strong&gt; 主題演講&lt;/li&gt;&#xA;&lt;li&gt;&lt;strong&gt;來源：&lt;/strong&gt; &lt;a href=&#34;https://aicon.infoq.cn/2025/beijing/presentation/6511&#34;&gt;https://aicon.infoq.cn/2025/beijing/presentation/6511&lt;/a&gt;&lt;/li&gt;&#xA;&lt;/ul&gt;&#xA;&lt;hr&gt;&#xA;&lt;h2 id=&#34;報告內容&#34;&gt;報告內容&lt;/h2&gt;&#xA;&lt;p&gt;好的，根據您提供的 PPT 內容，這是一份全方位的綜合分析報告。&lt;/p&gt;&#xA;&lt;hr&gt;&#xA;&lt;h2 id=&#34;coding-agent-驅動研發提效從實踐到流程改進--綜合分析報告&#34;&gt;Coding Agent 驅動研發提效：從實踐到流程改進 — 綜合分析報告&lt;/h2&gt;&#xA;&lt;h3 id=&#34;報告概述&#34;&gt;報告概述&lt;/h3&gt;&#xA;&lt;p&gt;本報告旨在深入分析同程旅行工程效能架構師楊方偉先生在 AiCon Beijing 2025 全球人工智能開發與應用大會上的主題演講《Coding Agent 驅動研發提效：從實踐到流程改進》。該演講詳細闡述了同程旅行如何利用人工智慧編碼代理（Coding Agent）技術，從最初的代碼輔助功能，逐步推進至全面革新研發流程的實踐經驗、技術要點、商業價值、創新策略及未來展望。&lt;/p&gt;</description>
    </item>
    <item>
      <title>Data&#43;AI 下一代数智平台建设</title>
      <link>http://localhost/sessions/session-688e55cf/</link>
      <pubDate>Fri, 18 Jul 2025 00:00:00 +0000</pubDate>
      <guid>http://localhost/sessions/session-688e55cf/</guid>
      <description>&lt;h2 id=&#34;會議資訊&#34;&gt;會議資訊&lt;/h2&gt;&#xA;&lt;ul&gt;&#xA;&lt;li&gt;&lt;strong&gt;研討會：&lt;/strong&gt; 202506 AICon Beijing&lt;/li&gt;&#xA;&lt;li&gt;&lt;strong&gt;類型：&lt;/strong&gt; 主題演講&lt;/li&gt;&#xA;&lt;li&gt;&lt;strong&gt;來源：&lt;/strong&gt; &lt;a href=&#34;https://aicon.infoq.cn/2025/beijing/presentation/6588&#34;&gt;https://aicon.infoq.cn/2025/beijing/presentation/6588&lt;/a&gt;&lt;/li&gt;&#xA;&lt;/ul&gt;&#xA;&lt;hr&gt;&#xA;&lt;h2 id=&#34;報告內容&#34;&gt;報告內容&lt;/h2&gt;&#xA;&lt;h1 id=&#34;騰訊雲dataai-下一代數智平台建設研討會綜合分析報告&#34;&gt;騰訊雲「Data+AI 下一代數智平台建設」研討會綜合分析報告&lt;/h1&gt;&#xA;&lt;p&gt;&lt;strong&gt;報告標題：&lt;/strong&gt; 從數據「說話」到數據「智能決策」——騰訊雲DlaaS引領Data+AI新範式&lt;/p&gt;</description>
    </item>
    <item>
      <title>DeepResearch如何在企业内落地</title>
      <link>http://localhost/sessions/session-25c654c8/</link>
      <pubDate>Fri, 18 Jul 2025 00:00:00 +0000</pubDate>
      <guid>http://localhost/sessions/session-25c654c8/</guid>
      <description>&lt;h2 id=&#34;會議資訊&#34;&gt;會議資訊&lt;/h2&gt;&#xA;&lt;ul&gt;&#xA;&lt;li&gt;&lt;strong&gt;研討會：&lt;/strong&gt; 202506 AICon Beijing&lt;/li&gt;&#xA;&lt;li&gt;&lt;strong&gt;類型：&lt;/strong&gt; 主題演講&lt;/li&gt;&#xA;&lt;li&gt;&lt;strong&gt;來源：&lt;/strong&gt; &lt;a href=&#34;https://aicon.infoq.cn/2025/beijing/presentation/6459&#34;&gt;https://aicon.infoq.cn/2025/beijing/presentation/6459&lt;/a&gt;&lt;/li&gt;&#xA;&lt;/ul&gt;&#xA;&lt;hr&gt;&#xA;&lt;h2 id=&#34;報告內容&#34;&gt;報告內容&lt;/h2&gt;&#xA;&lt;h2 id=&#34;深度報告大型語言模型企業落地策略與bisheng靈思deepresearch的創新實踐&#34;&gt;深度報告：大型語言模型企業落地策略與BISHENG·靈思（DeepResearch）的創新實踐&lt;/h2&gt;&#xA;&lt;h3 id=&#34;執行摘要&#34;&gt;執行摘要&lt;/h3&gt;&#xA;&lt;p&gt;本報告基於BISHENG聯合創始人覃睿在2025年AiCon全球人工智能開發與應用大會上的主題演講《DeepResearch如何在企業內落地》的PPT內容，對大型語言模型（LLM）在企業應用中的挑戰、解決方案及未來趨勢進行了全面深入的分析。演講核心聚焦於DeepResearch（靈思）如何作為一種新範式，有效連結技術與業務，顯著降低AI應用建構門檻，並賦能業務人員，從而加速企業內部的智能化轉型。報告將從會議概述、技術要點、商業價值、創新亮點及趨勢洞察五個維度，為各類讀者提供全面而深刻的見解。&lt;/p&gt;</description>
    </item>
    <item>
      <title>DLRover在万卡规模大模型训练中的稳定性实践</title>
      <link>http://localhost/sessions/session-6db34cc7/</link>
      <pubDate>Fri, 18 Jul 2025 00:00:00 +0000</pubDate>
      <guid>http://localhost/sessions/session-6db34cc7/</guid>
      <description>&lt;h2 id=&#34;會議資訊&#34;&gt;會議資訊&lt;/h2&gt;&#xA;&lt;ul&gt;&#xA;&lt;li&gt;&lt;strong&gt;研討會：&lt;/strong&gt; 202506 AICon Beijing&lt;/li&gt;&#xA;&lt;li&gt;&lt;strong&gt;類型：&lt;/strong&gt; 主題演講&lt;/li&gt;&#xA;&lt;li&gt;&lt;strong&gt;來源：&lt;/strong&gt; &lt;a href=&#34;https://aicon.infoq.cn/2025/beijing/presentation/6483&#34;&gt;https://aicon.infoq.cn/2025/beijing/presentation/6483&lt;/a&gt;&lt;/li&gt;&#xA;&lt;/ul&gt;&#xA;&lt;hr&gt;&#xA;&lt;h2 id=&#34;報告內容&#34;&gt;報告內容&lt;/h2&gt;&#xA;&lt;p&gt;好的，這是一份根據您提供的PPT內容，針對「DLRover在萬卡規模大模型訓練中的穩定性實踐」主題的綜合分析報告。&lt;/p&gt;</description>
    </item>
    <item>
      <title>GenAI 应用时代，开发思想如何变革？</title>
      <link>http://localhost/sessions/session-f58850fb/</link>
      <pubDate>Fri, 18 Jul 2025 00:00:00 +0000</pubDate>
      <guid>http://localhost/sessions/session-f58850fb/</guid>
      <description>&lt;h2 id=&#34;會議資訊&#34;&gt;會議資訊&lt;/h2&gt;&#xA;&lt;ul&gt;&#xA;&lt;li&gt;&lt;strong&gt;研討會：&lt;/strong&gt; 202506 AICon Beijing&lt;/li&gt;&#xA;&lt;li&gt;&lt;strong&gt;類型：&lt;/strong&gt; 主題演講&lt;/li&gt;&#xA;&lt;li&gt;&lt;strong&gt;來源：&lt;/strong&gt; &lt;a href=&#34;https://aicon.infoq.cn/2025/beijing/presentation/6454&#34;&gt;https://aicon.infoq.cn/2025/beijing/presentation/6454&lt;/a&gt;&lt;/li&gt;&#xA;&lt;/ul&gt;&#xA;&lt;hr&gt;&#xA;&lt;h2 id=&#34;報告內容&#34;&gt;報告內容&lt;/h2&gt;&#xA;&lt;h2 id=&#34;genai-應用時代開發思想變革綜合分析報告&#34;&gt;GenAI 應用時代：開發思想變革綜合分析報告&lt;/h2&gt;&#xA;&lt;h3 id=&#34;引言&#34;&gt;引言&lt;/h3&gt;&#xA;&lt;p&gt;本報告旨在深入分析由北京智體紀元科技有限公司創始人莫欣於 2025 年 6 月 AICon Beijing 全球人工智能開發與應用大會上發表的主題演講《GenAI 應用時代，開發思想如何變革？》的 PPT 內容。我們將從會議概述、技術要點、商業價值、創新亮點以及趨勢洞察等多個維度，提供一份全面、專業且具深度的綜合分析，以期為各類讀者揭示生成式人工智慧（GenAI）對軟體開發範式帶來的深遠影響。&lt;/p&gt;</description>
    </item>
    <item>
      <title>QAnything：大模型驱动下的知识库问答体系革新与实践</title>
      <link>http://localhost/sessions/session-7b9e519b/</link>
      <pubDate>Fri, 18 Jul 2025 00:00:00 +0000</pubDate>
      <guid>http://localhost/sessions/session-7b9e519b/</guid>
      <description>&lt;h2 id=&#34;會議資訊&#34;&gt;會議資訊&lt;/h2&gt;&#xA;&lt;ul&gt;&#xA;&lt;li&gt;&lt;strong&gt;研討會：&lt;/strong&gt; 202506 AICon Beijing&lt;/li&gt;&#xA;&lt;li&gt;&lt;strong&gt;類型：&lt;/strong&gt; 主題演講&lt;/li&gt;&#xA;&lt;li&gt;&lt;strong&gt;來源：&lt;/strong&gt; &lt;a href=&#34;https://aicon.infoq.cn/2025/beijing/presentation/6594&#34;&gt;https://aicon.infoq.cn/2025/beijing/presentation/6594&lt;/a&gt;&lt;/li&gt;&#xA;&lt;/ul&gt;&#xA;&lt;hr&gt;&#xA;&lt;h2 id=&#34;報告內容&#34;&gt;報告內容&lt;/h2&gt;&#xA;&lt;h1 id=&#34;qanything大模型驅動下的知識庫問答體系革新與實踐---綜合分析報告&#34;&gt;QAnything：大模型驅動下的知識庫問答體系革新與實踐 - 綜合分析報告&lt;/h1&gt;&#xA;&lt;h2 id=&#34;執行摘要&#34;&gt;執行摘要&lt;/h2&gt;&#xA;&lt;p&gt;本報告針對「QAnything：大模型驅動下的知識庫問答體系革新與實踐」主題演講的 PPT 內容進行全面分析。QAnything 是一個由騰訊與網易有道合作開發的、基於大型模型的知識庫問答系統。該系統以其自研的 RAG（Retrieval-Augmented Generation，檢索增強生成）引擎為核心，強調對全離線私有化部署的支援，並在多模態理解、複雜邏輯處理以及檢索精準度上取得了顯著突破。&lt;/p&gt;</description>
    </item>
    <item>
      <title>SGLang 推理引擎——高效的开源部署方案</title>
      <link>http://localhost/sessions/session-d9f22387/</link>
      <pubDate>Fri, 18 Jul 2025 00:00:00 +0000</pubDate>
      <guid>http://localhost/sessions/session-d9f22387/</guid>
      <description>&lt;h2 id=&#34;會議資訊&#34;&gt;會議資訊&lt;/h2&gt;&#xA;&lt;ul&gt;&#xA;&lt;li&gt;&lt;strong&gt;研討會：&lt;/strong&gt; 202506 AICon Beijing&lt;/li&gt;&#xA;&lt;li&gt;&lt;strong&gt;類型：&lt;/strong&gt; 主題演講&lt;/li&gt;&#xA;&lt;li&gt;&lt;strong&gt;來源：&lt;/strong&gt; &lt;a href=&#34;https://aicon.infoq.cn/2025/beijing/presentation/6453&#34;&gt;https://aicon.infoq.cn/2025/beijing/presentation/6453&lt;/a&gt;&lt;/li&gt;&#xA;&lt;/ul&gt;&#xA;&lt;hr&gt;&#xA;&lt;h2 id=&#34;報告內容&#34;&gt;報告內容&lt;/h2&gt;&#xA;&lt;h2 id=&#34;sglang-推理引擎高效開源部署方案綜合分析報告&#34;&gt;SGLang 推理引擎：高效開源部署方案綜合分析報告&lt;/h2&gt;&#xA;&lt;h3 id=&#34;執行摘要&#34;&gt;執行摘要&lt;/h3&gt;&#xA;&lt;p&gt;本報告旨在深入分析在 AiCon 2025 全球人工智能開發與應用大會上，由 LMSYS / SGLang 社區核心開發者尹良升發表的「SGLang 推理引擎——高效的開源部署方案」主題演講內容。SGLang 作為一個為大型語言模型（LLMs）和視覺語言模型（VLMs）提供服務的快速開源引擎，其核心價值在於解決當前 LLM 推理服務中面臨的效率、擴展性和成本挑戰。&lt;/p&gt;</description>
    </item>
    <item>
      <title>Training, Inference, Agents: Beyond Apps in the AI-Native World</title>
      <link>http://localhost/sessions/session-0a732304/</link>
      <pubDate>Fri, 18 Jul 2025 00:00:00 +0000</pubDate>
      <guid>http://localhost/sessions/session-0a732304/</guid>
      <description>&lt;h2 id=&#34;會議資訊&#34;&gt;會議資訊&lt;/h2&gt;&#xA;&lt;ul&gt;&#xA;&lt;li&gt;&lt;strong&gt;研討會：&lt;/strong&gt; 202506 AICon Beijing&lt;/li&gt;&#xA;&lt;li&gt;&lt;strong&gt;類型：&lt;/strong&gt; 主題演講&lt;/li&gt;&#xA;&lt;li&gt;&lt;strong&gt;來源：&lt;/strong&gt; &lt;a href=&#34;https://aicon.infoq.cn/2025/beijing/presentation/6531&#34;&gt;https://aicon.infoq.cn/2025/beijing/presentation/6531&lt;/a&gt;&lt;/li&gt;&#xA;&lt;/ul&gt;&#xA;&lt;hr&gt;&#xA;&lt;h2 id=&#34;報告內容&#34;&gt;報告內容&lt;/h2&gt;&#xA;&lt;h2 id=&#34;訓練推論代理ai原生世界中超越應用程式的發展綜合分析報告&#34;&gt;「訓練、推論、代理：AI原生世界中超越應用程式的發展」綜合分析報告&lt;/h2&gt;&#xA;&lt;h3 id=&#34;報告概要&#34;&gt;報告概要&lt;/h3&gt;&#xA;&lt;p&gt;本報告旨在深入分析Mark Collier先生在「202506 AICon Beijing」主題演講《Training, Inference, Agents: Beyond Apps in the AI-Native World》的PPT內容。本次演講聚焦於在「AI原生」（AI-Native）新時代下，人工智能發展的三大核心支柱：訓練（Training）、推論（Inference）和代理（Agents）。報告將從會議概述、技術要點、商業價值、創新亮點以及趨勢洞察等多個維度，為讀者呈現一份全面而深入的分析，旨在闡明開源、基礎設施與社群在AI未來發展中的關鍵作用。&lt;/p&gt;</description>
    </item>
    <item>
      <title>一年上线超 10 款产品，AI 时代如何做独立开发</title>
      <link>http://localhost/sessions/session-188a161a/</link>
      <pubDate>Fri, 18 Jul 2025 00:00:00 +0000</pubDate>
      <guid>http://localhost/sessions/session-188a161a/</guid>
      <description>&lt;h2 id=&#34;會議資訊&#34;&gt;會議資訊&lt;/h2&gt;&#xA;&lt;ul&gt;&#xA;&lt;li&gt;&lt;strong&gt;研討會：&lt;/strong&gt; 202506 AICon Beijing&lt;/li&gt;&#xA;&lt;li&gt;&lt;strong&gt;類型：&lt;/strong&gt; 主題演講&lt;/li&gt;&#xA;&lt;li&gt;&lt;strong&gt;來源：&lt;/strong&gt; &lt;a href=&#34;https://aicon.infoq.cn/2025/beijing/presentation/6442&#34;&gt;https://aicon.infoq.cn/2025/beijing/presentation/6442&lt;/a&gt;&lt;/li&gt;&#xA;&lt;/ul&gt;&#xA;&lt;hr&gt;&#xA;&lt;h2 id=&#34;報告內容&#34;&gt;報告內容&lt;/h2&gt;&#xA;&lt;h2 id=&#34;aicon-beijing-202506-主題演講ai-時代如何做獨立開發綜合分析報告&#34;&gt;AiCon Beijing 202506 主題演講：《AI 時代如何做獨立開發》綜合分析報告&lt;/h2&gt;&#xA;&lt;h3 id=&#34;報告概述&#34;&gt;報告概述&lt;/h3&gt;&#xA;&lt;p&gt;本報告旨在深入分析獨立開發者艾逗筆 (@idoubi) 在 2025 年 AiCon 全球人工智能開發與應用大會上發表的題為《AI 時代如何做獨立開發》的主題演講。演講者透過分享其在 AI 時代一年半內上線超過 10 款 AI 產品的實戰經驗，為廣大開發者和創業者提供了在快速變革的 AI 領域中進行獨立開發的實用策略、技術選型、商業洞察及未來方向。本報告將從會議概述、技術要點、商業價值、創新亮點及趨勢洞察五個維度進行全面而深入的剖析。&lt;/p&gt;</description>
    </item>
    <item>
      <title>从Copilot到Agent：AI编程的范式革新</title>
      <link>http://localhost/sessions/session-5ca8220f/</link>
      <pubDate>Fri, 18 Jul 2025 00:00:00 +0000</pubDate>
      <guid>http://localhost/sessions/session-5ca8220f/</guid>
      <description>&lt;h2 id=&#34;會議資訊&#34;&gt;會議資訊&lt;/h2&gt;&#xA;&lt;ul&gt;&#xA;&lt;li&gt;&lt;strong&gt;研討會：&lt;/strong&gt; 202506 AICon Beijing&lt;/li&gt;&#xA;&lt;li&gt;&lt;strong&gt;類型：&lt;/strong&gt; 主題演講&lt;/li&gt;&#xA;&lt;li&gt;&lt;strong&gt;來源：&lt;/strong&gt; &lt;a href=&#34;https://aicon.infoq.cn/2025/beijing/presentation/6514&#34;&gt;https://aicon.infoq.cn/2025/beijing/presentation/6514&lt;/a&gt;&lt;/li&gt;&#xA;&lt;/ul&gt;&#xA;&lt;hr&gt;&#xA;&lt;h2 id=&#34;報告內容&#34;&gt;報告內容&lt;/h2&gt;&#xA;&lt;p&gt;好的，這是一份根據您提供的 PPT 內容，生成的全面、深入且適合各類讀者的綜合分析報告。&lt;/p&gt;&#xA;&lt;hr&gt;&#xA;&lt;h2 id=&#34;綜合分析報告從-copilot-到-agent--ai-程式設計的範式革新&#34;&gt;綜合分析報告：從 Copilot 到 Agent — AI 程式設計的範式革新&lt;/h2&gt;&#xA;&lt;p&gt;&lt;strong&gt;會議標題：&lt;/strong&gt; 從 Copilot 到 Agent：AI 程式設計的範式革新&#xA;&lt;strong&gt;演講者：&lt;/strong&gt; 丁宇 (叔同)，阿里巴巴雲智能研發副總裁&#xA;&lt;strong&gt;研討會：&lt;/strong&gt; 202506 AiCon Beijing (全球人工智能開發與應用大會)&#xA;&lt;strong&gt;報告日期：&lt;/strong&gt; 2024年5月22日&lt;/p&gt;</description>
    </item>
    <item>
      <title>大模型助力软件研发人机协同进化实践</title>
      <link>http://localhost/sessions/session-8fb4068a/</link>
      <pubDate>Fri, 18 Jul 2025 00:00:00 +0000</pubDate>
      <guid>http://localhost/sessions/session-8fb4068a/</guid>
      <description>&lt;h2 id=&#34;會議資訊&#34;&gt;會議資訊&lt;/h2&gt;&#xA;&lt;ul&gt;&#xA;&lt;li&gt;&lt;strong&gt;研討會：&lt;/strong&gt; 202506 AICon Beijing&lt;/li&gt;&#xA;&lt;li&gt;&lt;strong&gt;類型：&lt;/strong&gt; 主題演講&lt;/li&gt;&#xA;&lt;li&gt;&lt;strong&gt;來源：&lt;/strong&gt; &lt;a href=&#34;https://aicon.infoq.cn/2025/beijing/presentation/6445&#34;&gt;https://aicon.infoq.cn/2025/beijing/presentation/6445&lt;/a&gt;&lt;/li&gt;&#xA;&lt;/ul&gt;&#xA;&lt;hr&gt;&#xA;&lt;h2 id=&#34;報告內容&#34;&gt;報告內容&lt;/h2&gt;&#xA;&lt;h2 id=&#34;大模型助力軟件研發人機協同進化實踐一份綜合分析報告&#34;&gt;大模型助力軟件研發人機協同進化實踐：一份綜合分析報告&lt;/h2&gt;&#xA;&lt;h3 id=&#34;引言&#34;&gt;引言&lt;/h3&gt;&#xA;&lt;p&gt;本報告基於百度工程效能研發工具負責人車婷婷在「202506 AICon Beijing」全球人工智能開發與應用大會上的主題演講《大模型助力軟件研發人機協同進化實踐》的PPT內容，旨在提供一份全方位、多維度的綜合分析。報告將深入剖析大模型如何重塑軟件研發流程，實現人機協同的「進化」，並探討其技術核心、商業價值、創新亮點、以及對未來行業發展的深遠影響。本報告力求在技術深度與商業洞察之間取得平衡，以適應廣泛讀者的需求。&lt;/p&gt;</description>
    </item>
    <item>
      <title>深入对比智能体协议：MCP、A2A、ANP</title>
      <link>http://localhost/sessions/session-972e13af/</link>
      <pubDate>Fri, 18 Jul 2025 00:00:00 +0000</pubDate>
      <guid>http://localhost/sessions/session-972e13af/</guid>
      <description>&lt;h2 id=&#34;會議資訊&#34;&gt;會議資訊&lt;/h2&gt;&#xA;&lt;ul&gt;&#xA;&lt;li&gt;&lt;strong&gt;研討會：&lt;/strong&gt; 202506 AICon Beijing&lt;/li&gt;&#xA;&lt;li&gt;&lt;strong&gt;類型：&lt;/strong&gt; 主題演講&lt;/li&gt;&#xA;&lt;li&gt;&lt;strong&gt;來源：&lt;/strong&gt; &lt;a href=&#34;https://aicon.infoq.cn/2025/beijing/presentation/6504&#34;&gt;https://aicon.infoq.cn/2025/beijing/presentation/6504&lt;/a&gt;&lt;/li&gt;&#xA;&lt;/ul&gt;&#xA;&lt;hr&gt;&#xA;&lt;h2 id=&#34;報告內容&#34;&gt;報告內容&lt;/h2&gt;&#xA;&lt;h2 id=&#34;智能體協議深度分析報告邁向智能體互聯網的基石&#34;&gt;智能體協議深度分析報告：邁向智能體互聯網的基石&lt;/h2&gt;&#xA;&lt;h3 id=&#34;會議概覽&#34;&gt;會議概覽&lt;/h3&gt;&#xA;&lt;p&gt;本報告基於2025年6月在北京AICon研討會上，由ANP開源技術社區發起人暨W3C AI Agent Protocol社區組聯合主席常高偉先生發表的主題演講《深入對比MCP、A2A、ANP協議：智能體互聯網的黎明之前》的PPT內容，進行了全面而深入的分析。此次演講的核心旨在探討智能體互聯網（Agent Internet / Agentic Web）時代對底層通訊協議的迫切需求，並詳細比較了當前三種關鍵協議：模型上下文協議（MCP）、智能體對智能體協議（A2A），以及智能體網絡協議（ANP），展望了智能體驅動的未來數字生態。&lt;/p&gt;</description>
    </item>
  </channel>
</rss>
