<?xml version="1.0" encoding="utf-8" standalone="yes"?>
<rss version="2.0" xmlns:atom="http://www.w3.org/2005/Atom">
  <channel>
    <title>Tags on NeoTrendHub 會議報告</title>
    <link>http://localhost/tags/</link>
    <description>Recent content in Tags on NeoTrendHub 會議報告</description>
    <generator>Hugo</generator>
    <language>zh-tw</language>
    <lastBuildDate>Fri, 18 Jul 2025 00:00:00 +0000</lastBuildDate>
    <atom:link href="http://localhost/tags/index.xml" rel="self" type="application/rss+xml" />
    <item>
      <title>202506 AICon Beijing</title>
      <link>http://localhost/tags/202506-aicon-beijing/</link>
      <pubDate>Fri, 18 Jul 2025 00:00:00 +0000</pubDate>
      <guid>http://localhost/tags/202506-aicon-beijing/</guid>
      <description></description>
    </item>
    <item>
      <title>AI</title>
      <link>http://localhost/tags/ai/</link>
      <pubDate>Fri, 18 Jul 2025 00:00:00 +0000</pubDate>
      <guid>http://localhost/tags/ai/</guid>
      <description></description>
    </item>
    <item>
      <title>DevOps</title>
      <link>http://localhost/tags/devops/</link>
      <pubDate>Fri, 18 Jul 2025 00:00:00 +0000</pubDate>
      <guid>http://localhost/tags/devops/</guid>
      <description></description>
    </item>
    <item>
      <title>主題演講</title>
      <link>http://localhost/tags/%E4%B8%BB%E9%A1%8C%E6%BC%94%E8%AC%9B/</link>
      <pubDate>Fri, 18 Jul 2025 00:00:00 +0000</pubDate>
      <guid>http://localhost/tags/%E4%B8%BB%E9%A1%8C%E6%BC%94%E8%AC%9B/</guid>
      <description></description>
    </item>
    <item>
      <title>前端</title>
      <link>http://localhost/tags/%E5%89%8D%E7%AB%AF/</link>
      <pubDate>Fri, 18 Jul 2025 00:00:00 +0000</pubDate>
      <guid>http://localhost/tags/%E5%89%8D%E7%AB%AF/</guid>
      <description></description>
    </item>
    <item>
      <title>安全</title>
      <link>http://localhost/tags/%E5%AE%89%E5%85%A8/</link>
      <pubDate>Fri, 18 Jul 2025 00:00:00 +0000</pubDate>
      <guid>http://localhost/tags/%E5%AE%89%E5%85%A8/</guid>
      <description></description>
    </item>
    <item>
      <title>後端</title>
      <link>http://localhost/tags/%E5%BE%8C%E7%AB%AF/</link>
      <pubDate>Fri, 18 Jul 2025 00:00:00 +0000</pubDate>
      <guid>http://localhost/tags/%E5%BE%8C%E7%AB%AF/</guid>
      <description></description>
    </item>
    <item>
      <title>微服務</title>
      <link>http://localhost/tags/%E5%BE%AE%E6%9C%8D%E5%8B%99/</link>
      <pubDate>Fri, 18 Jul 2025 00:00:00 +0000</pubDate>
      <guid>http://localhost/tags/%E5%BE%AE%E6%9C%8D%E5%8B%99/</guid>
      <description></description>
    </item>
    <item>
      <title>數據</title>
      <link>http://localhost/tags/%E6%95%B8%E6%93%9A/</link>
      <pubDate>Fri, 18 Jul 2025 00:00:00 +0000</pubDate>
      <guid>http://localhost/tags/%E6%95%B8%E6%93%9A/</guid>
      <description></description>
    </item>
    <item>
      <title>雲端</title>
      <link>http://localhost/tags/%E9%9B%B2%E7%AB%AF/</link>
      <pubDate>Fri, 18 Jul 2025 00:00:00 +0000</pubDate>
      <guid>http://localhost/tags/%E9%9B%B2%E7%AB%AF/</guid>
      <description></description>
    </item>
  </channel>
</rss>
