<?xml version="1.0" encoding="utf-8" standalone="yes"?>
<rss version="2.0" xmlns:atom="http://www.w3.org/2005/Atom">
  <channel>
    <title>Categories on NeoTrendHub 會議報告</title>
    <link>http://localhost/categories/</link>
    <description>Recent content in Categories on NeoTrendHub 會議報告</description>
    <generator>Hugo</generator>
    <language>zh-tw</language>
    <atom:link href="http://localhost/categories/index.xml" rel="self" type="application/rss+xml" />
  </channel>
</rss>
