<?xml version="1.0" encoding="utf-8" standalone="yes"?>
<rss version="2.0" xmlns:atom="http://www.w3.org/2005/Atom">
  <channel>
    <title>前端 on NeoTrendHub 會議報告</title>
    <link>http://localhost/tags/%E5%89%8D%E7%AB%AF/</link>
    <description>Recent content in 前端 on NeoTrendHub 會議報告</description>
    <generator>Hugo</generator>
    <language>zh-tw</language>
    <lastBuildDate>Fri, 18 Jul 2025 00:00:00 +0000</lastBuildDate>
    <atom:link href="http://localhost/tags/%E5%89%8D%E7%AB%AF/index.xml" rel="self" type="application/rss+xml" />
    <item>
      <title>AI Agent&#43;IoT技术方案新场景创新应用</title>
      <link>http://localhost/sessions/session-8ab99e20/</link>
      <pubDate>Fri, 18 Jul 2025 00:00:00 +0000</pubDate>
      <guid>http://localhost/sessions/session-8ab99e20/</guid>
      <description>&lt;h2 id=&#34;會議資訊&#34;&gt;會議資訊&lt;/h2&gt;&#xA;&lt;ul&gt;&#xA;&lt;li&gt;&lt;strong&gt;研討會：&lt;/strong&gt; 202506 AICon Beijing&lt;/li&gt;&#xA;&lt;li&gt;&lt;strong&gt;類型：&lt;/strong&gt; 主題演講&lt;/li&gt;&#xA;&lt;li&gt;&lt;strong&gt;來源：&lt;/strong&gt; &lt;a href=&#34;https://aicon.infoq.cn/2025/beijing/presentation/6581&#34;&gt;https://aicon.infoq.cn/2025/beijing/presentation/6581&lt;/a&gt;&lt;/li&gt;&#xA;&lt;/ul&gt;&#xA;&lt;hr&gt;&#xA;&lt;h2 id=&#34;報告內容&#34;&gt;報告內容&lt;/h2&gt;&#xA;&lt;p&gt;好的，這是一份根據您提供的會議 PPT 內容生成的全面綜合分析報告，旨在為各類讀者提供技術、商業和趨勢的深度洞察。&lt;/p&gt;</description>
    </item>
    <item>
      <title>CangjieMagic：基于仓颉语言的Agent开发框架实践</title>
      <link>http://localhost/sessions/session-111579d4/</link>
      <pubDate>Fri, 18 Jul 2025 00:00:00 +0000</pubDate>
      <guid>http://localhost/sessions/session-111579d4/</guid>
      <description>&lt;h2 id=&#34;會議資訊&#34;&gt;會議資訊&lt;/h2&gt;&#xA;&lt;ul&gt;&#xA;&lt;li&gt;&lt;strong&gt;研討會：&lt;/strong&gt; 202506 AICon Beijing&lt;/li&gt;&#xA;&lt;li&gt;&lt;strong&gt;類型：&lt;/strong&gt; 主題演講&lt;/li&gt;&#xA;&lt;li&gt;&lt;strong&gt;來源：&lt;/strong&gt; &lt;a href=&#34;https://aicon.infoq.cn/2025/beijing/presentation/6525&#34;&gt;https://aicon.infoq.cn/2025/beijing/presentation/6525&lt;/a&gt;&lt;/li&gt;&#xA;&lt;/ul&gt;&#xA;&lt;hr&gt;&#xA;&lt;h2 id=&#34;報告內容&#34;&gt;報告內容&lt;/h2&gt;&#xA;&lt;p&gt;好的，這是一份根據您提供的會議簡報內容，所生成的全方位綜合分析報告。&lt;/p&gt;&#xA;&lt;hr&gt;&#xA;&lt;h2 id=&#34;cangjiemagic基於倉頡語言的-agent-開發框架實踐---綜合分析報告&#34;&gt;CangjieMagic：基於倉頡語言的 Agent 開發框架實踐 - 綜合分析報告&lt;/h2&gt;&#xA;&lt;p&gt;&lt;strong&gt;會議標題：&lt;/strong&gt; CangjieMagic：基於倉頡語言的 Agent 開發框架實踐&#xA;&lt;strong&gt;研討會：&lt;/strong&gt; 202506 AICon Beijing&#xA;&lt;strong&gt;類型：&lt;/strong&gt; 主題演講&#xA;&lt;strong&gt;演講者：&lt;/strong&gt; 董鑫，編程語言資深技術專家，華為2012實驗室&lt;/p&gt;</description>
    </item>
    <item>
      <title>GenAI 应用时代，开发思想如何变革？</title>
      <link>http://localhost/sessions/session-f58850fb/</link>
      <pubDate>Fri, 18 Jul 2025 00:00:00 +0000</pubDate>
      <guid>http://localhost/sessions/session-f58850fb/</guid>
      <description>&lt;h2 id=&#34;會議資訊&#34;&gt;會議資訊&lt;/h2&gt;&#xA;&lt;ul&gt;&#xA;&lt;li&gt;&lt;strong&gt;研討會：&lt;/strong&gt; 202506 AICon Beijing&lt;/li&gt;&#xA;&lt;li&gt;&lt;strong&gt;類型：&lt;/strong&gt; 主題演講&lt;/li&gt;&#xA;&lt;li&gt;&lt;strong&gt;來源：&lt;/strong&gt; &lt;a href=&#34;https://aicon.infoq.cn/2025/beijing/presentation/6454&#34;&gt;https://aicon.infoq.cn/2025/beijing/presentation/6454&lt;/a&gt;&lt;/li&gt;&#xA;&lt;/ul&gt;&#xA;&lt;hr&gt;&#xA;&lt;h2 id=&#34;報告內容&#34;&gt;報告內容&lt;/h2&gt;&#xA;&lt;h2 id=&#34;genai-應用時代開發思想變革綜合分析報告&#34;&gt;GenAI 應用時代：開發思想變革綜合分析報告&lt;/h2&gt;&#xA;&lt;h3 id=&#34;引言&#34;&gt;引言&lt;/h3&gt;&#xA;&lt;p&gt;本報告旨在深入分析由北京智體紀元科技有限公司創始人莫欣於 2025 年 6 月 AICon Beijing 全球人工智能開發與應用大會上發表的主題演講《GenAI 應用時代，開發思想如何變革？》的 PPT 內容。我們將從會議概述、技術要點、商業價值、創新亮點以及趨勢洞察等多個維度，提供一份全面、專業且具深度的綜合分析，以期為各類讀者揭示生成式人工智慧（GenAI）對軟體開發範式帶來的深遠影響。&lt;/p&gt;</description>
    </item>
    <item>
      <title>Multi-Agent架构驱动的Data Agent路线与工程实践</title>
      <link>http://localhost/sessions/session-e16475e5/</link>
      <pubDate>Fri, 18 Jul 2025 00:00:00 +0000</pubDate>
      <guid>http://localhost/sessions/session-e16475e5/</guid>
      <description>&lt;h2 id=&#34;會議資訊&#34;&gt;會議資訊&lt;/h2&gt;&#xA;&lt;ul&gt;&#xA;&lt;li&gt;&lt;strong&gt;研討會：&lt;/strong&gt; 202506 AICon Beijing&lt;/li&gt;&#xA;&lt;li&gt;&lt;strong&gt;類型：&lt;/strong&gt; 主題演講&lt;/li&gt;&#xA;&lt;li&gt;&lt;strong&gt;來源：&lt;/strong&gt; &lt;a href=&#34;https://aicon.infoq.cn/2025/beijing/presentation/6495&#34;&gt;https://aicon.infoq.cn/2025/beijing/presentation/6495&lt;/a&gt;&lt;/li&gt;&#xA;&lt;/ul&gt;&#xA;&lt;hr&gt;&#xA;&lt;h2 id=&#34;報告內容&#34;&gt;報告內容&lt;/h2&gt;&#xA;&lt;h2 id=&#34;multi-agent-架構驅動的-data-agent-深度分析報告&#34;&gt;Multi-Agent 架構驅動的 Data Agent 深度分析報告&lt;/h2&gt;&#xA;&lt;hr&gt;&#xA;&lt;h3 id=&#34;前言&#34;&gt;&lt;strong&gt;前言&lt;/strong&gt;&lt;/h3&gt;&#xA;&lt;p&gt;本報告旨在深入分析數勢科技 AI 負責人李飛在 2025 年 AiCon Beijing 大會上發表的主題演講《Multi-Agent 架構驅動的 Data Agent 路線與工程實踐》的 PPT 內容。透過對其技術要點、商業價值、創新亮點及未來趨勢的全面剖析，為各類讀者提供一份專業且具深度的綜合洞察。本次演講聚焦於如何將大模型從「好玩」推向「好用」，並在企業級數據分析領域實現智能體驅動的變革。&lt;/p&gt;</description>
    </item>
    <item>
      <title>一年上线超 10 款产品，AI 时代如何做独立开发</title>
      <link>http://localhost/sessions/session-188a161a/</link>
      <pubDate>Fri, 18 Jul 2025 00:00:00 +0000</pubDate>
      <guid>http://localhost/sessions/session-188a161a/</guid>
      <description>&lt;h2 id=&#34;會議資訊&#34;&gt;會議資訊&lt;/h2&gt;&#xA;&lt;ul&gt;&#xA;&lt;li&gt;&lt;strong&gt;研討會：&lt;/strong&gt; 202506 AICon Beijing&lt;/li&gt;&#xA;&lt;li&gt;&lt;strong&gt;類型：&lt;/strong&gt; 主題演講&lt;/li&gt;&#xA;&lt;li&gt;&lt;strong&gt;來源：&lt;/strong&gt; &lt;a href=&#34;https://aicon.infoq.cn/2025/beijing/presentation/6442&#34;&gt;https://aicon.infoq.cn/2025/beijing/presentation/6442&lt;/a&gt;&lt;/li&gt;&#xA;&lt;/ul&gt;&#xA;&lt;hr&gt;&#xA;&lt;h2 id=&#34;報告內容&#34;&gt;報告內容&lt;/h2&gt;&#xA;&lt;h2 id=&#34;aicon-beijing-202506-主題演講ai-時代如何做獨立開發綜合分析報告&#34;&gt;AiCon Beijing 202506 主題演講：《AI 時代如何做獨立開發》綜合分析報告&lt;/h2&gt;&#xA;&lt;h3 id=&#34;報告概述&#34;&gt;報告概述&lt;/h3&gt;&#xA;&lt;p&gt;本報告旨在深入分析獨立開發者艾逗筆 (@idoubi) 在 2025 年 AiCon 全球人工智能開發與應用大會上發表的題為《AI 時代如何做獨立開發》的主題演講。演講者透過分享其在 AI 時代一年半內上線超過 10 款 AI 產品的實戰經驗，為廣大開發者和創業者提供了在快速變革的 AI 領域中進行獨立開發的實用策略、技術選型、商業洞察及未來方向。本報告將從會議概述、技術要點、商業價值、創新亮點及趨勢洞察五個維度進行全面而深入的剖析。&lt;/p&gt;</description>
    </item>
    <item>
      <title>当产品经理开始AI编程，如何构建程序员与产品经理的协作新范式</title>
      <link>http://localhost/sessions/session-e79727c0/</link>
      <pubDate>Fri, 18 Jul 2025 00:00:00 +0000</pubDate>
      <guid>http://localhost/sessions/session-e79727c0/</guid>
      <description>&lt;h2 id=&#34;會議資訊&#34;&gt;會議資訊&lt;/h2&gt;&#xA;&lt;ul&gt;&#xA;&lt;li&gt;&lt;strong&gt;研討會：&lt;/strong&gt; 202506 AICon Beijing&lt;/li&gt;&#xA;&lt;li&gt;&lt;strong&gt;類型：&lt;/strong&gt; 主題演講&lt;/li&gt;&#xA;&lt;li&gt;&lt;strong&gt;來源：&lt;/strong&gt; &lt;a href=&#34;https://aicon.infoq.cn/2025/beijing/presentation/6501&#34;&gt;https://aicon.infoq.cn/2025/beijing/presentation/6501&lt;/a&gt;&lt;/li&gt;&#xA;&lt;/ul&gt;&#xA;&lt;hr&gt;&#xA;&lt;h2 id=&#34;報告內容&#34;&gt;報告內容&lt;/h2&gt;&#xA;&lt;h2 id=&#34;當產品經理開始ai程式設計構建協作新範式aicon-beijing-2025-主題演講綜合分析報告&#34;&gt;當產品經理開始AI程式設計：構建協作新範式——AICon Beijing 2025 主題演講綜合分析報告&lt;/h2&gt;&#xA;&lt;h3 id=&#34;報告概述&#34;&gt;報告概述&lt;/h3&gt;&#xA;&lt;p&gt;本報告旨在對何少甫先生（AI師傅聯合創始人 &amp;amp; 首席產品官）在AiCon Beijing 2025全球人工智慧開發與應用大會上的主題演講《當產品經理開始AI程式設計，如何建構程式設計師與產品經理的協作新範式》進行全面深入的分析。演講精闢地闡述了AI技術如何重塑軟體開發的協作模式，特別是產品經理與程式設計師之間的角色定位與職能邊界。本報告將從會議概述與核心內容、技術要點與實現細節、商業價值與應用場景、創新亮點與技術突破，以及趨勢洞察與未來展望五個面向，為讀者提供一份全面且專業的綜合分析。&lt;/p&gt;</description>
    </item>
    <item>
      <title>深入对比智能体协议：MCP、A2A、ANP</title>
      <link>http://localhost/sessions/session-972e13af/</link>
      <pubDate>Fri, 18 Jul 2025 00:00:00 +0000</pubDate>
      <guid>http://localhost/sessions/session-972e13af/</guid>
      <description>&lt;h2 id=&#34;會議資訊&#34;&gt;會議資訊&lt;/h2&gt;&#xA;&lt;ul&gt;&#xA;&lt;li&gt;&lt;strong&gt;研討會：&lt;/strong&gt; 202506 AICon Beijing&lt;/li&gt;&#xA;&lt;li&gt;&lt;strong&gt;類型：&lt;/strong&gt; 主題演講&lt;/li&gt;&#xA;&lt;li&gt;&lt;strong&gt;來源：&lt;/strong&gt; &lt;a href=&#34;https://aicon.infoq.cn/2025/beijing/presentation/6504&#34;&gt;https://aicon.infoq.cn/2025/beijing/presentation/6504&lt;/a&gt;&lt;/li&gt;&#xA;&lt;/ul&gt;&#xA;&lt;hr&gt;&#xA;&lt;h2 id=&#34;報告內容&#34;&gt;報告內容&lt;/h2&gt;&#xA;&lt;h2 id=&#34;智能體協議深度分析報告邁向智能體互聯網的基石&#34;&gt;智能體協議深度分析報告：邁向智能體互聯網的基石&lt;/h2&gt;&#xA;&lt;h3 id=&#34;會議概覽&#34;&gt;會議概覽&lt;/h3&gt;&#xA;&lt;p&gt;本報告基於2025年6月在北京AICon研討會上，由ANP開源技術社區發起人暨W3C AI Agent Protocol社區組聯合主席常高偉先生發表的主題演講《深入對比MCP、A2A、ANP協議：智能體互聯網的黎明之前》的PPT內容，進行了全面而深入的分析。此次演講的核心旨在探討智能體互聯網（Agent Internet / Agentic Web）時代對底層通訊協議的迫切需求，並詳細比較了當前三種關鍵協議：模型上下文協議（MCP）、智能體對智能體協議（A2A），以及智能體網絡協議（ANP），展望了智能體驅動的未來數字生態。&lt;/p&gt;</description>
    </item>
  </channel>
</rss>
